Series Number,Filename,Name,Description,Gender,Attributes,UUID,Hash
TEAM BEVEL,,,,,,,50080917f5197a0c4064ba583ebf3eccd06d802b74c58a07d4e9e7b70a1bbec2
1,adewale-the-amebo,adewale the amebo,adewale the amebo,male,,cad316c3-37f8-4b27-9f53-9d803bfcfee7,87821cd7127d4f5049fad49769c92a6b682dc5762b999588b38fcbebb2de092a
2,alli-the-queeny,alli the queeny,Alli is an LGBT Stan.,male,,a57ecda4-a26f-4e97-a757-e1800af39aab,eea43482d849e1eae8f50a73613389cbd3a3b2cd9211de3921c90551a2403a63
3,aminat-the-snnobish,aminat the snnobish,Aminat never really wants to talk to anyone.,female,,0e37ed0d-3e84-4f32-a91f-ec9c4ba8c7de,f741a5d75243eeca82770c79ef94981fc497443c38cde4381379d8cc163ad7b2
4,aminu-the-carpenter,aminu the carpenter,"Aminu's hands are blessed, he makes the best furniture in the whole of Kano.",male,,4f30b751-96e7-40fe-97fd-e3d44973ff2f,db0448c06f502c44523dcdbb1c7f8ef0302cac1a66ed6db8d5ee8d40ae79dc62
5,chibuike-the-kudibag,chibuike the kudibag,Chibuike is too rich. Everyone wonders how he got it.,male,,5ce854f2-7ac1-46fd-b3fe-57583935d1e5,d82f75f1be2d50a3b5fb78c2aef59c26dfaea9932c6ce15cc331daf24ce0796e
6,chidinma-the-model,chidinma the model,"From Paris' runways, to London's streets, she's always in demand.",female,,c98db72e-49ac-4ca6-89d5-e00f5fbbcc45,6ad37c006f1910b3490ee7d948b0879886e40a4fdffe4600b56fcefc208a39ca
7,chioma-pretty- girl,chioma pretty girl,Chioma's face card is a 100.,female,,182ea888-a85b-42ca-ad73-ed4f8f9aa5c7,aacb58c30ae830838889da1eebf4267759ad16aa250d1f6bd59b650f95596e49
8,damilare-the-handsome,damilare the handsome,He's a fine boy. Everyone loves his face(and him).,male,,27eca2dc-d7df-474a-8f8f-1858152c711e,d70d464581f3d372744e5d83da606f5d996f1b82d2330424900b9bf45f92dc94
9,ebiowie-the-planter,ebiowie the planter,Ebiowei has a reputation for nurturing plants.,male,,f1df8270-4d60-4bd4-8959-ba7c384db5c4,c943c858bf12ec88ec624c40cd5f2bbfe5803d8f4d4ab61f7956f2c7ef361c26
10,emeka-the-businessman,emeka the businessman,Emeka only cares about containers. No time to waste.,male,,9b3d75da-4887-4089-aee4-50de3954fdc9,c95cfb96addc14a972b06e1d2aeda4fc1dd5e53f444549ef6a494df3f7619db2
11,gbeminyi-the-monk,gbeminyi the monk,He lives in a monastery off the coast. No one has heard him speak in years.,male,,c8b1fd1d-8551-4bb4-8dc4-923a9aeb39fb,4ef0af120b8cd25c6ddbf6d6961179098762556c8ca198c89941cd1e30d8d2fc
12,henry-the-sportsman,henry the sportsman,He's played every sport known to man. Even cricket.,male,,e1225451-bfdf-4a1f-8d37-9cce3a0bd67b,9ba77c25502ddc6445d6af38b946c482beaf921cde897c12c47ea7440e93c77f
13,mayowa-the-smallie,mayowa the smallie,Mayowa is so small but everyone loves him even still.,male,,dfbb4163-df24-4d54-b74c-6218a68df8bd,3e1ada97cff90caf31b14e1b30b09ae25736bc84fbdfb4885f5a243708455d6b
14,muyiwa-the-stylish,muyiwa the stylish,Muyiwa has a motto which is never to be caught unfresh.,male,,dcf9d5a0-57b7-4126-a05e-6c8f1045d3f7,f356d9da2e32ecc1851438824a89577bcfe8ad151144cf1728f4c0f0c8d72a3d
15,nina-paper-chaser,nina paper chaser,Nina na Igbo girl wey like money. Finish.,female,,59524227-dc52-407c-8cca-e9e8c5fb3018,3c3b42d8a6d19f426d0933512a15dc8b9d67001087131ff97b4002694ebdd8b3
16,oluwaseun-spicy,oluwaseun spicy,He loves spicy foods. He cooks pepper and sprinkles rice on top.,male,,808f7007-6552-4efa-bd13-4b7c337b102b,180e1962a9613cc8b45d77984dcb63d88cf0c90b7aaf64cdd521cec5246fda79
17,sesan-the-smartie,sesan the smartie,Sesan always comes first in competitions.,male,,ba3edda7-8940-4ca4-97ba-826398d5909f,cce7295c6a397d8ee3a8f6f6bc4f9847942c770bd479c52e58edd72a359a1bd6
18,tiwa-london,tiwa london,"If she says she's in London and you see her, you're in London too.",female,,78da7aeb-8352-4e25-89ac-dc48b5984089,1be746e8b2220379d0d276398fbf1a366405ce0bb8ccc2e7ee1f7fa4d5adb3f2
19,tunde-yoruba-demon,tunde yoruba demon,"Tunde derives joy in breaking girls heart. It's a lifestyle.""",male,,53b46bd7-a537-402b-b249-0b4074a8faae,5f0f7e9f03d62e29df4a294f19311580c0607ac78e5066c85ec0b694a6174b75
20,yakubu-the-zombie,yakubu the zombie,Yakubu earned his zombie title because na only dust full him head.,male,,4adb6781-1614-424e-8f77-fe59ffca2209,6f76c8ddfe2ab383e943e22c612d2e49362b7345de391823992171af5c1a87ed
TEAM CLUTCH,,,,,,,1e0801b9bd3ee5733e01201d8b9e76dcb961628e5c0beb4540c128ada42ead4b
21,abdul-the-vibe,abdul the vibe,abdul the life of the party and can never be caught unfresh,male,,770f817a-9d9a-4772-9a91-e66dd9d03470,2eb10a8d0d247ef5ba6fb3f818bd4f814981dbc06415d81b50ce476b1e38214f
22,emeka-the -clown,emeka the clown,"emeka the funny man, always making silly jokes",male,,78810fa6-a7ef-4d83-bf57-caf49db4ee69,c470362845f9d5a19f26e3c5a31c5c0908d64e4903049cb46aa1f0410cb9a37c
23,salam-the-odogwu,salam the odogwu,salam is a big time textile marketer always sourcing for quality materials,male,,f2957ded-022c-4b07-92c6-b345d4816a67,439e065d10e3221f207338645fd444e464a1fe68a9311a5dc65012e4cba8019b
24,24,charles the exporter,charles a business man an importer and exporter never to be caught idle,male,,09395e76-19ed-4852-8748-795ee7496a8e,448b084ccb3b55f612fd5eca0a18805ac47b957df6743b3d9d9009dc34f8de1e
25,wole-the-pimp,wole the pimp,wole knows all the babes in town and is always pimping them out,male,,4d94d4f7-9b69-4e43-9db1-1fe83df92857,82cd04ba9db03281c6740e1ea792e646f312ade707bf3c08375547265f9e61e2
26,saro-the-baller,saro the baller,saro is a baller and is always ready to turnup,male,,d35a7514-8996-42fb-a5f2-5a603ec679c5,0c2e8a677cfe3431d7c025862d20e1c153e4a98e0b4b59fc5c1bdd549c8d94fa
27,ade-omo-yoruba,ade omo yoruba,ade a yourba man takes pride in the yourba tribe,male,,92984fa0-310b-4377-8a10-15965d044383,efad1bf581746187525486c1d56cba08eb485a2d177baf01d6fade18227877f3
28,shola-cool-kid," shola cool kid",shola prefers to be alone because he hates stress,male,,3ac5c186-bc14-4eb6-8567-cc818465a64f,6654f5306acad0a0374fe50e845e85817ff0b72e0a475b46878fca70a43a7ec8
29,charlie-the-smoker,charlie the smoker,charlie uses smoking as a coping mechanism,male,,71a0aa22-d111-43b7-8484-43d87310bc42,acb33d5c8358cb65fecef6ba9f22f70eb7c69e6064ece2df807756b08f5faa43
30,femi-the-badguy,femi the badguy,femi is the biggest guy in lagos and he has served plenty babes breakfast,male,,e493e3fb-a8a0-455a-854f-0f6474bbc69f,41147f6982f11c94f3f34c24757a21f9e176075ac94ed9aae02478564f1da778
31,sinzu-money,sinzu money,sinzu loves spending money on flashy things,male,,942f8347-9932-4331-bd15-d0f3a048b54f,a615eaf6644b245f10d177a97fe99c3a6064a9db6ff29f0c9e52f7abc553a98e
32,obinna-the-palmwine tapper,obinna the palmwine tapper,obinna taps palmwine for a living,male,,0f1af056-2548-4407-bed4-abc11deae05d,30cbbb1ca825b77bc72ee6424890a1c1d91cffae9691699e87f1d3fb9935e1fe
33,aminu-maikudi,aminu maikudi,aminu is a wealthy man from a family with generational wealth. His exquisite taste shows it,male,,0129e7a5-e3d0-4675-92d0-1a1e55d11612,067d10f9c8f6b8fd88c21fd28b963d0a044be44b9c1977de6944f88d9d88c32b
34,sabinus-the-town crier,sabinus the town crier,sabinus delivers messages to his town people,male,,01d4ce96-818e-44b1-8813-68a7d34b35ba,3dcffd0602cc23bcde97dce3a33ebe988263f4f2e9d0f444b290376730cbcbf7
35,adisa-ibadan,adisa ibadan,"adisa the greatest man in the whole town of ibadan, is authority can never be questioned",male,,3a925f27-35f6-4dbf-9960-c6527fae5f3e,600005f471421cca590a5d9c29250e840b5f7db0832396a81ff077136e91090d
36,linda-the-navigator,linda the navigator,linda knows how to make a way for herself and people around her,female,,71f335a6-5a4f-4410-9cea-179336f0e498,71fa6ab92631ed5f1f2e1f22d1ae96e775dbbb14b27a5998a8a9e0438d8604c1
37,kemi-the-iron lady,kemi the iron lady,kemi the strongest woman known to the town of  igbede people,female,,35b11a31-5b92-49f4-8fb1-30f255d22054,e56ffc97fcbdaa1e40d49bfef08e5c3a7af62f6a3296816ad01746846378ca65
38,mercy-the-sassy lady,mercy the sassy lady,mercy only care about spending her father's money and treats people like trash,female,,7a3c70ac-927f-4a63-a3df-ab86dd27cd0f,5586a4682a460c3ed7249ccc0526fbb6edf98a1d1f91709796f20f2efa717164
39,sandra-money,sandra money,sandra likes getting and spending money,female,,1bd95fb0-7b2e-4354-bebd-22f9cf70a1ca,cd8ba056b90ae4b4dc6c97f3f806164eb30c30f14f703fab5c548948a0056a93
40,bimpe-the-fashionista,bimpe the fashionista,bimpe loves wearing trendy clothes and looking gorgeous,female,,92b548b7-998b-46b6-8198-80d407209483,882f07bdb98e2d0a7b8c2de46c7aa46f2ac1c313efd618faf7019c78378e1f64
TEAM ENGINE,,,,,,,0466ff37d6374208df27843264ea58c59fa903b630b08d6430166f576183734a
41,kim-rich-aunty,kim rich aunty,she loves spoiling her nieces and nephew,Female,,3344a73c-f15e-4afd-a1b2-3199e27eb08f,76b2b799aeb4158d65b28ab99653aab28b0f696887657ba586bbdf4ca539efbc
42,barbra-vampire-bc,barbra vampire bc,she loves drinking the blood of her victims,Female,,4f31fd99-4918-42a9-a112-fa60ef36d5c6,006326fccd9e35137521daa45aab94cd60cf8092d6099411e51dcb6a311761c3
43,jean-art-dolger,jean art dolger,loves collecting art for charity ,Female,,5e1105d9-e485-462d-a5bf-1eb931976b13,f3f74828ae554779875236502ac0b2cd4d3a7fa37b069f93d66c9f495cf25c43
44,flora-burger- eater,flora burger eater,she loves eating burgers,Female,,054dffd1-cdff-417b-b6c2-a679dabd087b,5b9203abba7f62561851518a0b63310cd94945e0aa88f1d6578f2b4ac2e110a5
45,jessie-lord-rings,jessie lord rings,she seeks her 'precious',Female,,caacabe1-0abc-43af-92e2-2231248bff93,0d6d15a7dbdf03ee2773eaa9cc13b540333a60ce98a271847867ef7b3795c4d2
46,pinky-monky-ponk,pinky monky ponk,she love to dance the honky tonk,Female,,bd6a4b38-543e-40fa-9153-f7e1a947ebb1,91bca153ccdb5211ef9cdb08eb14d29e385eafa4718b0d1e239d1e36349f0cb4
47,wanjiru-hippie-glitter,wanjiru hippie glitter,a hippie that loves her glitters,Female,,683f0d27-3cb4-4948-b1b5-09f10bee575a,73f8ab12b249eb30317ed8b0ce7529e863d9ff4131e45a9ffbb8c949238b5bb0
48,njoki-binary-coder,njoki binary coder,she codes with the best and tops the set,Female,,9b59bdb4-0c6c-4107-9d72-6d38d308edb4,347161732f22524513d8d95dd14e21b3a6845e259c37281345eda18046f9cfd2
49,wangu-calaba-hustler,wangu calaba hustler,she's a mean hustler so be careful,Female,,67f7da93-3925-4def-b660-58f558c14a19,288df82b6e456476e6af98b6c0056cd7c7a3912e00c22589cadc4323f64bd031
50,lulu-dey-kpako,lulu dey kpako,she's as skinny as she is beautiful,Female,,23b6c38f-ab84-4565-bfe9-d9eb019c9f29,2ed95df33bc088f98489fedd0748b3f23cf85a12d929ba0c8d1081a45f691521
51,kiki-cala-flier,kiki cala flier,she flies first class and gets the best deals,Female,,d24aefff-c9fc-4ea9-a7cf-1b741076c822,af3d917bf2a5af330f661127e8d83d8140205886ec5814f561d6c58e647bb999
52,purity-nft -investor,purity nft investor,she is an angel investor looking for the next big thing,Female,,ee86ef77-4793-411a-88d3-ea54d84f6b24,81b81861e6e066c3238e1ddfbbd71254f941df920f3787297dd66bbabb63cd3e
53,june-binary-monk,june binary monk,she has a twin thats from Tibet ,Female,,102c4cdb-f812-44fd-bf47-5065284c6075,afa67996bf90e91b28c5a53af81e22a1a09c954b57e87e2250de326f8e791272
54,aisha-crows-damsel,aisha crows damsel,she is always a damsel in distress,Female,,c4071af3-b49e-4ad6-898b-7828f90465fb,5e3b496dc742002a7847c30f38c295a6878823a7026dafbd648ec470fe2b10da
55,bobo-crypto-lovely,bobo crypto lovely,she is a crpto guru you can trust all through,Female,,427ea0f5-30a3-4d70-a5bd-a6106409b83c,22b3356102a29b46ee3810544406e5be10da29d33a64f7fa2dbcc5ae34a45707
56,nell-light -embrace,nell light embrace,she is an empath; ready with a kind word or hug,Female,,9dfe30b4-c71a-471c-8091-f5c4a238eed8,9cffc89a25e758940c5452cebe75dc2609eac438bcefbf279128fd3e57a6a98a
57,rachel-mood-silent,rachel mood silent,"introvert  to the core, a mysterious lady",Female,,11450acd-f0d7-406f-bc18-bdb680404845,5ab074e9f8a855fe935eb4415843fd313bc27f327ebb6814e1b69c088ad89b1b
58,nana-reflector-agent,nana reflector agent,she loves her chrome fashion stye,Female,,63bda633-bfca-4b28-823f-7772936b4103,9458624f308a1e1ad5605ee8f7c900ffdf2485401b1c625fe77012a44ccf305d
59,bree-busy-gossip,bree busy gossip,"never wisper your secrets to her, except you want the world to know",Female,,4f5898d9-fc99-4053-a56c-b2ec1ef41347,a9a7d0ba9a99938731bc34f8d4a4db7861aafd8f9896bb472ef8f0f08fb0cf61
60,jude-shadow-fighter,jude shadow fighter,"a ninja warrior, the last samurai standing",Female,,a47b2ed7-d4aa-4404-ac40-0ecea464cf3f,701107661b90f7a571a832e7f50c8101b4cb0f1773dc768f47f02251ffae096a
,,,,,,,83355207526f3aa4501fa67ac0878eeec53ac0391b1c1499df8b13956d0fe9c0
TEAM GRIT,,,,,,,7e2ef8baaf5baf4b9f25983abc07700b714194cca53210cf873a6b27ee2f65cb
61,toy-soldier,toy soldier,a man stronger than an army,male,"hair: bald, strengths: powerful, weakness: sentimental",fc8ea3ac-59d1-11ed-9b6a-0242ac120002,d398e5bbc270f333fa6bfb6a17ab18b5960013da6abe208b9becba39f0f8ea97
62,pipey-rivers,pipey rivers,a man who loves the water so much and fixes its path,male,"hair:bald, strengths: calculative, weakness: public speaking",58f69cae-59d1-11ed-9b6a-0242ac120002,11a25ec2dc9e506d6d1276a123261fdbc3fc8c8f800857c5a2af728efc3e547a
63,phiri-of-zambia,phiri of zambia,an african woman with strength and beauty,female,"hair: two purple bun, strengths: free spirit weakness: blind ",24b537fa-59d3-11ed-9b6a-0242ac120002,5c88defc4a7daec3df0419be6bd8d2827e033a8ed0c4d3d840895b1efd5bccf8
64,patrick-of-bikinibottom,patrick of bikinibottom,a white man who loves the African culture and associates with their dressing,male,"hair: bald, strengths: adaptation, weakness: fluency",064c7b84-59d3-11ed-9b6a-0242ac120002,2610fc9731c645baeaad39465e773df35f7e7e7fa304641e3aaff278867e328a
65,nobuhle-of-zulu,nobuhle of zulu,a woman well endowed with beauty,female,"hair: brown bun, strengths: cool headed, weakness: pressure",1ee5b1ce-59d3-11ed-9b6a-0242ac120002,c19efe4d72c21813789cc65659eccf38ee314dcc3caddc673281e40f41111f2f
66,nkosazana-of-xhosa,nkosazana of xhosa,an african princess always proud of her culture,female,"hair: ginger afro, strengths: confidence, weakness: endurance",2f1a1724-59d3-11ed-9b6a-0242ac120002,7325cda9b36d36beae341939de57d6340a6152ac184a30ca136bdc6516f35fa8
67,mandla-of-zulu,mandla of zulu,a simple and an introvert who keeps to himself,male,"hair: bald, strength: strong willed, weakness: relationship",d04553b2-59d7-11ed-9b6a-0242ac120002,d003a7dd0b5f4c4c1244aac366fe5e018c9a828c298ed32a8a0f569ed94fdf6b
68,john-doe,john doe,a principled guy who is conscious of his health and ensures protection from infection,male,"hair: bald, strength: cleaniness, weakness: perfectionist",5d19795e-59d2-11ed-9b6a-0242ac120002,5da71bf9989249dde6047565d47756c1c7786854377ca4d037328632c5c8b2c1
69,ghost-of-power,ghost of power,a woman stronger than ten men combined,female,"hair: black tied with scalf, strength: badass weakness: cancer",29c764ca-59d3-11ed-9b6a-0242ac120002,bb1067232a2d44ab6aa78ff3125a85cab97d749e4c25bea1b0351773d929030f
70,freida,freida,a man who is always peaceful,male,"hair: bald, strength: peaceful weakness: anger",ee671c4a-59d2-11ed-9b6a-0242ac120002,a1cfa4431dc8f4a8b35dbd0db198a18a6de6c021d4966887cf856b0228a96c1f
71,flamboyant-tree,flamboyant tree,beautiful african woman,female,"hair: one bun dark brown, strength: beauty, weakness: lover girl",380e4990-59d3-11ed-9b6a-0242ac120002,ed5a2b712c980e9ab6fe1bac45cd0c35067a25ee9c8dc8e0bb7fc2608a921d42
72,david-of-accra,david of accra,a combatant who fights and defends his people,male,"hair: bald, strength: super powerful, weakness: sleeping",1c1ef1b4-59d1-11ed-9b6a-0242ac120002,e9fd20eaae79104cf6f87bac01f9b05f93d89dc2a89af5164d5ffc48963bcf64
73,cally-lily,cally lily,a man who is a breath of fresh air,male,"hair: male, strength: calm weakness: sun",82bba87c-59d1-11ed-9b6a-0242ac120002,efb9fed99eab50a306ef649180b7061c8141139ab301a14eb2eec101c2d3805f
74,bubune-of-accra,bubune of accra,"a man with honor, always conscious of his health",male,"hair: bald, strength: clean weakness: foodie",faa4b530-59d2-11ed-9b6a-0242ac120002,dd8b4160eac057c90c7665af579dc14b48405499ca7452087ecc77fd55f37d23
75,bediako-of-accra,bediako of accra,a strong man always ready to fight for what is right,male,"hair: bald, strength: activist, weakness: irrational",fb6e8222-59d0-11ed-9b6a-0242ac120002,52ed2c40cc1c15996ba4f84dc8b5a909249098dce910121734cf716051088efc
76,avatar-aang,avatar aang,a man who is ready to save the world,male,"hair: bald, strength: mind games, weakness: insomia",169f93a0-59d2-11ed-9b6a-0242ac120002,1ec7c6ab42089b83981d4fe8b0c4bb38d60f27ff48bd29b6ff8d54e98dd2760c
77,argus-greek,argus greek,a man who you will always find on the look out ,male,"hair: bald, strength: strong , weakness: lateness",e7f26b26-59d2-11ed-9b6a-0242ac120002,029f4337547352cefa934fcbaeb04906e0419ebb0d1d150b6dd7ad065898e17a
78,amahle-of-zulu,amahle of zulu,"A traditional man, feeling fulfilled",male,"hair: bald, strength: conversationist, weakness: traditionalist",169f93a0-59d2-11ed-9b6a-0242ac120002,ed54aeaeb9212e672286cea81a74e9237c2eedfd7195f6a5333551e2049833bd
79,agnar-ole,agnar ole,a man who feels like an outcast and always has a battle with his mind,male,"hair: bald, strength: strong willed, weakness: crying",f3f11fd0-59d2-11ed-9b6a-0242ac120002,4275551e1e5abd14a280ec1d39448fe7557cb15f119dc026a07303673edff398
80,adom-kulu,adom kulu,"a Ghanaian model, proud of his culture",male,"hair: bald, strength: height,  weakness: pride",00f6589e-59d3-11ed-9b6a-0242ac120002,697365e2bc921caa97f805c228275981fbe707d54fb7ac4b18cfba2d60f355ad
,,,,,,,83355207526f3aa4501fa67ac0878eeec53ac0391b1c1499df8b13956d0fe9c0
TEAM PRYBAR,,,,,,,0aeec8cdd14f480c2d417f2ca891184d72f139e5346498b311dcf31688af102a
81,segun-baller,segun baller,,,,58ac5cf6-b644-41c6-af79-ec9aa5f6bdd1,ca0a340323acef2d10657e06d3d338141afff49a928fccd53888fc40139c854c
82,bolanle-pepper-dem,bolanle pepper dem,,,,46966104-775b-4443-90bb-b35afd121653,29cf9f8dd159158c4cf81bca589251ccd6bc495dbe7b5a679bbea7db417caafe
83,tayo-tailor,tayo tailor,,,,70828783-ac38-48cf-b966-cfebc92ebd86,fca96e7bbe7a7b93286b45c51956f056cbe448afdf88fe4b5b12fcbdfc36c3ad
84,ajasco-comedian,ajasco comedian,,,,8bebdb3a-f0a8-47ba-892f-39aa275fbd0d,d964e26f88586f2d7f8dae2602b004400ea6fe12293a9f023d7d2117f61dd8a1
85,tobi-babyboy,tobi babyboy,,,,3da592d4-5dec-4bc5-8412-f1b2a0269f95,37db32a751dcdab7db69080766575a108dbf0cb0ffb7c185818cd1e17c06c866
86,esther-sassy,esther sassy,,,,0642a25a-966d-446f-b021-a6d18e7fa0c5,95a0e738908e7ff68cd8b4e9b56991096cabe8eb71f454bf6aad08dc94d70ee6
87,ozo-fineboi,ozo fineboi,,,,fdb0a5b6-7367-48bb-bd6b-720ec8c15226,69faf62d1a8bd252f9df585bba9ee79ed526088c45a40a8fdb8ca73e019f6360
88,ade-party-girl,ade party girl,,,,7e3db30c-9faf-430d-ab48-b854fe0456b9,5ce2aba32399ea30a10a5c8deff0b5be08bad5b9a2f1697e315f6193fb1bc31e
89,john-casco,john casco,,,,2eff88ef-5bc2-4779-917a-533e952e2953,d3a9de71c074836e8d9b53ca6319a17602ba890da81bbb338c1bd57ba54b2ec4
90,agha-uwa,agha uwa,,,,8478a002-1eba-4a05-8b98-7170c6e39254,ff0dad93df1032198a5773e30cdcf98923c715562bd9949860fbf996476fd94a
91,udeme-great,udeme great,,,,d1476409-6f8b-4be9-8c93-24d9123749c5,d934a490b047e8d7a5e0310b83f26356425c9a0019d9b71c26241329419c073f
92,femi-tech-bro,femi tech bro,,,,ba3ec22a-13d5-4e19-9b7f-aac764fda28c,fc2dd806be074b1fd74655723a8672bc1ba19c78441c498e4fa885f1552abd8d
93,sai-baba,sai baba,,,,fdfff369-5b57-4612-9f89-f5d408f24a35,81681cf10536fa4aa344b2ad82019a9b681d26f7d52b145c2ee0706838d9a21b
94,omo-pastor,omo pastor,,,,49e09559-61a6-41ff-811a-272721a7475c,a2666e1f85eb59e0dfca0a6e82414639320565fed6cb54e0420e2ce25e97d47c
95,obi-container,obi container,,,,4b64cf48-94fa-4aed-8cf2-452974b48ee3,5ea65fb7b0e7317ca4ee9d89dfab7264520438eaf26d35d44dc8cb0883003f06
96,erigga-international,erigga international,,,,3ac39a5e-7b0c-4371-b0c8-7cb4b68aed2c,af1c9919d073de57e304c2fdab1af3adb516f4dc2c64e8978a8f4e42ba923301
97,ayo-web3-bro,ayo web3 bro,,,,c137ec2b-18cd-4c29-a194-af29ac9e6c1c,c0d63f35854b975b57b839454ec29d5c3aa881fa7890bf8559677e6bc44e9f30
98,phoebe-queen-bee,phoebe queen bee,,,,1277e9c0-81dc-4747-89df-a9d2ae4fcf96,5792c37735c9d1f1987014676f4f7bfb8d84ec353057bc98c15c2e0d2e0612b6
99,rachel-warri-babe,rachel warri babe,,,,19e6af3b-ef2d-46ba-ba05-59fb612ebbee,5287f5b4225f8f15bb7ba04305eb60fd88f36824ac21fdcb90c1f3dbfd505fb6
100,adun-preacher,adun preacher,,,,cc4dfedf-c343-48db-ad67-e39452ec2380,a875805ae7d25c7e516e05f915e1ff08a81ee463a917f71833ee4c86e641a140
,,,,,,,83355207526f3aa4501fa67ac0878eeec53ac0391b1c1499df8b13956d0fe9c0
TEAM CHISEL,,,,,,,f64b2b56b52ce81c7bc83ed9cf5866bffaf64b227b4b5063119c94f8d3eda6c2
101,adebola-omo-oba,adebola omo oba,Adebola loves soft life with her fathers wealth,female,,fbf43611-f267-4cba-bf4b-a3ffdc122589,44baaee0e731e82720ebf8da1d1dbeab87072beacc2b5dd7a0ba954d189e67f6
102,chichi-the-dancer,chichi the dancer,Chichi loves dancing and party,female,,e7c32b06-7022-49b4-bbe5-81e8c1d58583,75c7dc641ed1ad111647e2e680a724f1f0ad00829c1a9ec3d941ed2ddc238233
103,hammed-the-farmer,hammed the farmer,Hammed owns a farm with his family,male,,e57d8985-599e-49da-8d62-fc16b7ac93f2,08ff2ba495144102db6419a0e0eea29590f3116672b1a754e1f0695ac838d5bb
104,farida-the-tivlady,farida the tivlady,Farada is a traditional TIv woman,female,,31d3e229-003e-43c8-ba82-38f49cf58ccb,adac286156aabd9a150ccb00e48f5292537ca7cc9e159e9fbf1159ca246441e3
105,hannah-the-singer,hannah the singer,Hannah loves singing and belongs to choir,female,,281f5bd7-5282-458b-9811-e369980e7dee,437a23e54da125eeaae681188e6df0ecea357f63a5855027a15e85d8b7ba6126
106,nonso-the-igbogirl,nonso the igbogirl,Nonso is an Igbo girl that loves money,female,,5cfa76df-8376-4505-af12-78af24f108d6,a3b3e4de8398019d7ac86bbd7f946b35bd7d2ad724d0f28123c6cdda7ccefe49
107,shade-olori,shade olori,Shade loves soft life and makeup,female,,1a07ca73-d39b-43e9-a0f1-ef9f5e57d3a9,5141babdc8206ba21934b019ed0fe09655fccfa1f7a87822c6d5894305d038fe
108,quadri-the-teacher,quadri the teacher,Quadri is a devoted teacher that teaches mathematics,male,,d96a93e7-17a4-4efe-b09b-02185cc81ce8,ba9cedbefc20ddb93d5779c4c490a495b2df3ca1e810506d6b04ccfa37a91e1c
109,Ifeanyi-the-dj,Ifeanyi the dj,Ifeanyi is a music dj that performs at events,male,,030f665d-2cd7-4376-aef5-4030dad9f2d6,205c7dfd651f81f5e2f491365404d13d7a2926970891f24441401bfa08b6b071
110,fayo-the-yorubademon,fayo the yorubademon,Fayo is a youruba demon that breaks hearts,male,,e270e278-a9b5-408d-b527-d518239a997b,262cd6d1ce97a465f2b9743f291c6756fa7227b5fc1ac81d989e8794f89142a7
111,nkechi-the-actress,nkechi the actress,Nkechi is an internation actress that acts in hollywood,female,,34b1136d-00b1-4f29-8a03-5b02291d47d5,55864ae473378241a30da22d4ef5dc912c8238315256eea1b8f8289e204c03ac
112,hamzat-the-mallam,hamzat the mallam,Hamsat is a mallam that changes money,male,,592eff9f-93b2-4452-a2ed-5d44ebc969db,3c590c6c64a87ecc0b380111357ecdcade62dd72ee19e8ca8f67267d07525fd5
113,nnena-pretty-girl,nnena pretty girl,Nnena is beautiful girl that loves to talk about her beauty,female,,d9477612-ad63-408e-8d12-24679c647b32,8eeff5889e2f1947968147544f04ed9fe117daa27f795717e551598f8dec3abb
114,tunde-the-boss,tunde the boss,Tunde is a boss that orders her helps around,male,,7635c4ee-04f6-4872-bfc9-37e5a73c8fc6,d9321d7c5beebceec0ae1f6ab74af95083745931c7855f869deb3596d8b31345
115,nnamdi-the-barber,nnamdi the barber,Nnamdi is a baber that does celebrity haircuts,male,,152758f3-9414-45a2-a809-95cb05a3de13,fea69951e2a402aa5d3b6577625111e954fbdb1921b9f95605befc58f79fbba5
116,amaka-the-hypepriestess,amaka the hypepriestess,Amaka is a very hyper that she hypes in the clubs,female,,c7726e84-3c5c-4e66-8677-cbfb5c9ee850,09d60f12a33f9c65138d6bfd5201f66f543c713453dbddb3057320f394c4c936
117,kemi-foodie,kemi foodie,Kemi loves food but cannot cook,female,,3116cb6f-14c4-4d5a-af57-54253b72a309,425a7f10cccf188c519558a645065dc87c550c563e1e8740293f2eb4075aaf80
118,ada-the-fashionister,ada the fashionister,Ada loves fashion that she rarely repeats cloths,female,,a14df1c1-7a5a-4a33-8780-0fb01c593da6,e08b9b0c5488ec6d258d2488146160df33aa76bd48109503ed1e881ef0210c5d
119,kayode-the-baller,kayode the baller,Kayode loves life and lives it,male,,fe17bfdc-c251-4654-8313-1ab793e11748,e61dea3b326bd586d92ae758bf5202284807ae0668b02d23286064bb50494bb9
120,kola-of-lagos,kola of lagos,Kola is the life of the party everywhere he is,male,,df295be1-1509-406e-a263-28a5dee0abca,622948a6218363401581420f0921cff90a7b77781c2c3c140133b0b58f82b813
,,,,,,,83355207526f3aa4501fa67ac0878eeec53ac0391b1c1499df8b13956d0fe9c0
TEAM BRAINBOX,,,,,,,dd5ef4a650c9ddc4e6d65544ddb4fcb29cf2b86366695296c55366573bdfd58b
121,azikiwe-popular-trader,azikiwe popular trader,Azikiwe is a popular trader,Male,,7ebde325-8efc-4997-811a-b5686269929e,420efb713847edadf42e07a0acf4e294dd21e5613c86c543c6317156b823ee5c
122,obasanjo-funny-guy,obasanjo funny guy,Obasanjo is so hilarious ,Male,,c136a120-a339-4080-96ca-1c93845c5848,ae0a31b87e59df252d23bf64ca7a3e26ce3f1832b33a4e1a0e65d09c8791ada4
123,yakubu-village-chief,yakubu village chief,Yakubu is the village chieftain,Male,,5b0c0d26-d204-4264-b579-081ff9df935b,7a607d782598410e619b4dd4851cc60f74a7af8e666c8aede1931bb3c4ac26c4
124,abacha-loves-smoking,abacha loves smoking,Abacha loves taking pipe,Male,,8ac6d95f-0cf3-4f54-9cf2-be8834b3004c,8085b3ac5311c21f7b925a545bf40dee14c3c7d227445465f356cfc04de9b7df
125,johnathan-good-leader,johnathan good leader,A very progressive young man with positivity ,Male,,241e3713-4ce3-48d0-827f-b282ae2db6c4,03a3b4bc839abe7ba58a6b3ba74273e039f8f69c9d5d4295a845d9c96f89566f
126,johnathan-genz-kid,johnathan genz kid,"A child of the moment , all fun and cruise ",Male,,90c0ae09-a35f-42ad-b93c-dcf30169acd9,b3c1da52b90e8474ea74c1d68b569b2cfaf0d5ba612939619c794e14ff865e97
127,eddy-the-community,eddy the community,Man of the people ,Male,,5cabf9d9-882b-459e-9253-8c07eb045e2d,11fcaafe686edbdbee98226e069a9249c0da6251d5967a51fc12650854e20ba5
128,olu-the-oba,olu the oba,The oba of Ofuk kingdom ,Male,,04c4b28a-aca0-44b1-a064-ed0d9d2a31ca,1e61d59d393af4745c81a06aefe678cb85729de797e3dfd3e6315d402043fa9f
129,edu-the-biggest-trader,edu the biggest trader,The biggest merchant in west coast ,Male,,48d1de5f-5f3f-46aa-b2fd-68420a8e802b,ee80e28be9c748b887579535b520a407c5f7508534ceeb8a47333d32ac566dde
130,james-importer-and-exporter,james importer and exporter,Sole importer and exporter of spare parts in Africa ,Male,,22541251-022f-480c-8c1e-cf754dce16d6,19d647f33e09008bf7386d65003b11216b4756a34ea27e1f430d60b7e29030ff
131,lanre-the-dreaded-guy,lanre the dreaded guy,The wayward tout,Male,,66a054cd-5541-4000-98aa-8f2e9892d880,a1590ec65409c373443815006919eff46d0f016b81caa5d441d3ac6c1eaf66af
132,olamide-the-street-boy,olamide the street boy,Friendly street gang,Male,,d50a35b1-b42e-4e0c-8dd8-9b892b56d371,f05062532789705d15532f3e83b325c0d59c82f1897ea768f10edf683fe70086
133,uche-peace-loving-man,uche peace loving man,A man of peace and discipline ,Male,,6c9d6eae-2ea2-468c-a2c8-928aaafc084b,d0315f0ef3f4bcb7d5b68f44d36daf3a4c4fc97ed3ae6da5042d14aaf36b8cc3
134,dave-the-tech-bro,dave the tech bro,Dave the web3 geng,Male,,c0857b11-bf0e-46a4-9108-b8eb93d83e74,5140afabdfcc742fe7f648fed97691c17c682f9ac130cc41556b9fe272c895a3
135,obi-the-biggest-humanitarian,obi the biggest humanitarian,The biggest helper during the pandemic ,Male,,201a408c-7a2e-42d9-a62c-0136c885c211,23362d01fdc08b964f46a20bad034d95aca62508a7b0314d93e88722b6e965bb
136,precious-the-emotional-girl,precious the emotional girl,Soft hearted and sensitive precious ,Female,,b6a41ff1-51ce-42f7-9933-85d0a22ced68,8ef8b93718c65e1276b71d9e9302c73a8f81f44f5e13a43d8fe2dc4be1b9cdc5
137,ella-serious-minded,ella serious minded,Ella a dedicated young lady ,Female,,04036447-f43e-4bfb-9503-f55c9064b14e,dcc1a12c8c20ea4cdb6125852236442dcec3bceba8c767c65b02601b53da581c
138,cynthia-cute-eyes,cynthia cute eyes,Cynthia with a priceless cute eyes,Female,,5d12847b-6d71-4691-8337-2e6ef3e283b2,b54956ef2432855488658d2624e947282b7369078c8aed2acc0014c02cbb1c70
139,mary-with-hair,mary with hair,Mary with her beautiful Afro ,Female,,98035e8b-6540-4464-8a3c-fdac9f07b168,27015599a98ca091c748fea3858f4b3790cdcf01a5acd1753f99e06573e513d1
140,ada-chewing-bubble-gum,ada chewing bubble gum,Ada always chewing gum,Female,,15309dc5-e483-4658-b503-db85ba2c1722,5b3587bb61cc7ac314ef2c7fa6bb67b04642ea9ea78ef029041b3d3367ebc460
,,,,,,,83355207526f3aa4501fa67ac0878eeec53ac0391b1c1499df8b13956d0fe9c0
TEAM PLUG,,,,,,,e65f88051ffc84e41c62643f7c9d1f6a3935e400b5a53ea33a4b8f84504ddb79
141,viganem-the-drummer-girl,viganem the drummer girl,she loves jumping a fence to play drums after school,female,,5a5a6f5c-39f3-4beb-ab74-60d3c7a90fd4,aad282e3de2ce3be9e95760927b9661c02af501267e84f19c285ba50892397f9
142,lenusuka-the- big-woman,lenusuka the big woman,The lady that loves spending money and buying everybody asaobi,female,,e564a43a-ef77-487d-a88e-749d20a09fd8,ea04954f3a440e7799fca325768afd5c482ed14a4e7f74b80a6bdab10108c792
143,enepua-the-clout-queen,enepua the clout queen,The lady that travels all day and enjoys snapping food at restaurants,female,,6dc7e452-0626-4f4c-a28c-f5db3532e305,4518598cfc7a79bf9bbf96af8673e7ae77d2fad1f3ff38e9c2dc63a639585bfb
144,usifong-queen-of-mushin,usifong queen of mushin,Changes her hair every 2 weeks and cannot finish one pure water,female,,221263d0-8775-49f8-bbf8-4b08b49e1482,61fb37c76a81575889c92b5974fdd9207e45e4d08d4dafc0caacb1f6f226c61a
145,akinyim-the-agbaya,akinyim the agbaya,Always playing with small childrens and mostly small girls,male,,c1070dce-48a1-4ae8-b9a4-d070859a8377,dba61a79f22ad94169e25c0dc78de980e98899c02b1414dae8ef056f3ddf45ca
146,zawadi-mr-sleep-everywhere,zawadi mr sleep everywhere,Likes sleeping in the weirdest places especially in clubs,male,,c22489fe-574b-47f3-9667-c9c798b2d4df,fef661cc821c92b6653be9389dafd934e5a884b5bc93220bcb9a20173ce63b42
147,chepkirui-mr-self-love,chepkirui mr self love,Likes taking care of himself and spending on himself,male,,1a91e778-d214-476b-a667-94e9ecb8b5ce,905fe32e61509ae782c4aa8d746c6f5ca817a24c82abc7f16b1535e7304ed843
148,naserian-mr-fear-fear,naserian mr fear fear,Has never slept with anyone and can not kill cockroach,male,,8177cf38-8284-4eb4-b19c-04473bcb3b5e,455b5f3f268bfef2a63a1be32b88bceb76835d02b4b4177782049f8a7adb4aba
149,wawuda-the-ashawo-of-africa,wawuda the ashawo of africa,Brags about his body count and follows skirt anywhere,male,,0554bf35-f588-4009-aafc-ef875b878c29,2d9e86cccb2afda1a553e1f00d6a0650c836e54af0b3c40245a2b9b622ec8d72
150,kerubo-the-igbo-smoker,kerubo the igbo smoker,Loves only his igbo and is happy when he finds an old blunt,male,,33ba8e73-7949-4bc7-ba27-37ee1d573946,44a17101b134d0f815ddb6b0cc93877aa2f818bef7199961ef1e23a78d903fd4
151,rehema-the- olodo,rehema the olodo,Failed primary 5 eight times and like playing football after school,male,,1fb33783-4898-48cf-8a73-f81afc71e1a8,bc207428fee1367e64dadf54d63f7050be2aa6c31d9181fd7805e663e59f2e90
152,nekesa-the-brainbox,nekesa the brainbox,A proposed elite who cannot write a simple speech,,,7ba909bd-19a1-454d-a86c-a45e85cb94a6,d0bd6a8d433ab6622a7109f5560d782e9125ee86398fe23ed36fe3bbfc078d8e
153,kiokoli-the-slowrunner,kiokoli the slowrunner,Always running in every race but never making it to the first 5,,,d7027b6c-ae53-4cce-b80d-67aeb7ceb1ba,adc094d1587e9c9f53dcbc70187a2658fb11d1f661867e321c7f0b3af3c4a613
154,adjuani-uncle-wire-wire,adjuani uncle wire wire,Mugu money spender that loves spending on women extravagantly,,,36cd959f-d280-41f6-af76-765715c72527,29c041acc825fcf0c94ed13653e9a670061f897adb688a70a23f3b70a2ddea42
155,ajobaru-a-serial-killer,ajobaru a serial killer,High end assasin who cannot survive a day without sex,,,9d262f55-73d7-4b95-9a82-42356dbb085c,88febed927876953238f4abe46b5e084ed5643bebaba291cedf04550551112b2
156,effiadem-the-fireman,effiadem the fireman,A retired military general who always loves shooting at sight,,,a4534fe0-b5ed-41ab-af72-1f2d0ff0fc64,f5dbe55c6669108314d698283607b9513b1f1a5d8a77688cf00218efe35f59b1
157,deladem-the-commandoo,deladem the commandoo,The nerd who has watched all war movies but cannot fight a kid,,,88106b92-da30-46ad-a3cc-d528683b9e33,0ddbb536b73b738441ec33f7ae283d7f1793e093cde5bb8cb017179fe610f661
158,dogbeda-the-monger,dogbeda the monger,A fisherman who pracitically live in the river,,,66a09968-cb92-4378-a588-49947f68c537,6914453aade54d6e223768dd581d668e44afb817568e7377d976da2be9120444
159,enyonyam-our-slay-mama,enyonyam our slay mama,Posts new pictures everyday and can snub for africa,,,5e7c7f9d-d631-4759-9b27-cbaccd33d39f,29b567e06537f233a51c60099f2e0f243b5fde242202afefea2f3d979428e2db
160,lumusi-pro-technician,lumusi pro technician,The electrician well known for wiring burnt buildings,,,b07676a6-c611-410d-8426-46c9c525189a,f98027837568f4d52d0cf6b2c6e9a98a303bb01ac9ab7bab35d58ba77d14a6ee
,,,,,,,83355207526f3aa4501fa67ac0878eeec53ac0391b1c1499df8b13956d0fe9c0
TEAM HEADLIGHT,,,,,,,95cbede0bb5d251a13c84df6b9b76b0f5799df91fe8da6a3db52d49b6308854e
161,funmi-the-fashionist,funmi the fashionist,funmi enjoys fashion and she always takes opportunity to showcase her wardrobe,Female,,4f9d99a4-78a2-4fdd-bc30-b027600fa88e,db9a52a1c997c2375ce459baf85504775d897700c713a977506234af524a6f9c
162,bola-the-funky,bola the funky,Bola is a funky fellow but she has another personality no one knows,Female,,ac721b71-cbc5-425c-851f-ee826973f0b9,68af92108c965f5d8ef0c4681c12f203c186691ceca1dff868279e58e325cd6e
163,bimpe-the-runzgirl,bimpe the runzgirl,"be careful with bimpe, she can run you strong thing",Female,,eaa7662f-6926-468a-9add-e791916ae42b,0b7c5d6fce7f7f6e1e871e3a6d1d001eb232dd94d5523e06e046a765a50d3635
164,sola-the-queen,sola the queen,sola is a princess. she's got the mind of a queen,Female,,d5f23ad3-832a-4d3e-814e-e23f466d18a4,aa4070e44b7638fe24d2ce3b89dceced2597ff6a2c04f1e074ae05b851470b78
165,temi-afro-girl,temi afro girl,"temi is know for her funny haircut. this time, afro is up",Female,,4f9d99a4-78a2-4fdd-bc30-b027600fa88e,35c2f3bfdb263159cf33d65f9bceb58174e8c9ae39955d526176c29137dd65f0
166,jonny-the-bravo,jonny the bravo,jonny is our local police. he breaks boys free,Male,,2b345988-b4b0-453b-ad39-efe1321bc8f1,ba1dc12c87c6177f39d3b66132c72ae6b04f43ea2d05007f217072794e2f797d
167,tunde-the-bigman,tunde the bigman,tunde is the big man on the street. flamboyant life style is his identity,Male,,56db423e-8b09-453e-b5fc-61f4da9d7a6f,0ab9c1eed3f778e1ddcc32c7fbf83353edb6c477773f35307d28e8be93ab4955
168,joe-the-plain,joe the plain,plain and simple. no one in town is more gentle that broda joe,Male,,7a3083bd-5aa2-48b5-a30b-4445cc060f57,d1af2f0a619794640b52b9bf6131a635641ed862f1385b8b6d887ab9edaf2a39
169,wale-sharp-guy,wale sharp guy,wale no de carry last. the thinks and act fast,Male,,44906ea0-901b-4b3d-802f-f73acc8758f6,ddccf46f40858a4c84882815ed2082388d30d8c613ecbfd02a957f5720ed8334
170,dele-the-snoozer,dele the snoozer,"if sleeping were to be a job. dele will be the world busiest man. set a bed in a fury furnace for dele, he'll sleep.",Male,,4f9d99a4-78a2-4fdd-bc30-b027600fa88e,786ca98ca45c5b70f9f2dc972d91ad3b5aac95c439f7da081a6332ef224df311
171,father -of -tolu,father of tolu,baba tolu is a proud father. he will sell his soul just to see tolu excel in life,Male,,a2651258-ca3f-4940-b095-3a61ff630263,4c154c8d4c949443175e6a5fdb9eb40f2474ed8566515b5af11fc905c92f9ba4
172,emeka-the-chief,emeka the chief,chief emeka is the pillar of the community. just and fair to all. the real mazi,Male,,de25fd63-dafd-4f77-8072-7ac0ae3a3ab2,4fd4e91cd6f7a29ff7c2119a646c67bb4d9b4f188401eb8ad729a3b63f651f39
173,lawal-the-drooler,lawal the drooler,"lawal has only 2 business, alcoholism and alcoholism. it's only normal for him to drool afterll",Male,,806b640f-1c8b-4cc0-aa10-45f3ddc00140,9f96296b09cc34bea1b39d35f0f878a0a9454cd80babf45159929c71a88b2567
174,solo-the-messenger,solo the messenger,"solo is a multitasker. you need anything done in your home, solo is your guy",Male,,44906ea0-901b-4b3d-802f-f73acc8758f6,4214d9baadfef9c71445f7eb7c01621147886e668d422a83e31070c6870ba4af
175,femi-the-honorable,femi the honorable,honorable femi is the modern day politician. everything he does is only to further his political career,Male,,af53bf52-b517-4347-adc6-07cf30c19025,dd7814f5ba5fe8e85df2d12d48a9128f05945a6f63061650973efa3d9e38b3ad
176,friday-the-bigsboy,friday the bigsboy,friday always live up to his name. every friday is for the party.,Male,,05ec3aae-7da8-4125-93fb-6fc544e5bc61,ac8116e9a3f442ecb62e914f9c9c32592e0180fd366f6ec6a59e13465105607e
177,kweku-the-planter,kweku the planter,kweku says he did it. kweku dey plant Igbo until he was bursted,Male,,af53bf52-b517-4347-adc6-07cf30c19025,fb495ff442659bd450042cca2f7378ff89937390273fb32ee2f8339ec44cf1f0
178,2pac-the-remix,2pac the remix,2pac is alive in him. his style is exactly the same. upcoming artist,Male,,9993e5ec-2f31-485c-9c6d-f780c078ae56,e90bccf778cfbcffebd84438425191807919045f904dba17a031cfdf990ee244
179,tope-the-influencer,tope the influencer,tope is a famous influencer. loved by his followers which keep growing everyday,Female,,3b3e1f66-922b-4f87-8cdb-0d09fc143182,dd828d9bc117d4b1b866cadcd2bc7ef587545ff514a5b3b4896bbeaf35489171
180,gabby-the-evangelist,gabby the evangelist,"evangelist Gabby, blending gospel with comedy. he's going places",Male,,ac721b71-cbc5-425c-851f-ee826973f0b9,ab2d6e5b4c0f16bd509774bf4ae687f199050da9a3ddca9b313c74c0d4bf3745
,,,,,,,83355207526f3aa4501fa67ac0878eeec53ac0391b1c1499df8b13956d0fe9c0
TEAM CRANKSHAFT,,,,,,,8b2d5e57ef7917c1cb5a9275fc5d1944e92cf64c174cda0bf39f06f1f2cbcf45
181,beauty-of-town,beauty of town,She is the most beautiful in the neighbourhood,Female,,7241a1be-59da-11ed-9b6a-0242ac120002,da599cf3382cc589937bd23879975efeb3dc394020d427bb4237a8682e452b4a
182,lola-babe,lola babe,Looking hot as always,Female,,7241a664-59da-11ed-9b6a-0242ac120002,642b8614fb11c4a910906588cd1283c9df86f7b65f06bd0f9d7c5fc3fd49e799
183,cardy_h-sharp-babe,cardy h sharp babe,Cardy is the sharpest amongst her friends,Female,,7241a7c2-59da-11ed-9b6a-0242ac120002,8edc0f29b5d31e944867a05c61a969e390c367e9df9264248d41f41078f9b3ce
184,bella-the-baller,bella the baller,Baller for Life,Female,,7241ad26-59da-11ed-9b6a-0242ac120002,6535838bb9c776a59a51b6cce5704cff032bc3683459a82d96a867683a3915bd
185,milly-of-roses,milly of roses,Her lips so red like a rose,Female,,7241af92-59da-11ed-9b6a-0242ac120002,48c6ef3ab9e83bd84f5219b768f62678a421b456e1957c6424536c54409ba98f
186,Preciousjada-the-viper,Preciousjada the viper,Her words stings likes a viper,Female,,7241b12c-59da-11ed-9b6a-0242ac120002,d59be14496c69c2a157131ca9e5d510179d6adb4b9069b56e5ce503b31610c0a
187,lolly-of-NY,lolly of NY,Most popular in NY,Female,,7241b2ee-59da-11ed-9b6a-0242ac120002,19df2c1f612583e6546a525f16131e42d33e7293a6228584db571010cbb3c5d6
188,Disy-the-dancer,Disy the dancer,Dances her way into any show,Female,,7241b4c4-59da-11ed-9b6a-0242ac120002,a7bde0ee260f3c2b0b55aa7bdc38785e1321936af39fa95298062be993a27aca
189,Jenny-the-great,Jenny the great,The greatest of our time,Female,,7241b852-59da-11ed-9b6a-0242ac120002,417caf4678ec9c4c254aa5b749863a2998a0e6946561da6c9f07cb8d929f87fd
190,lolly-the-pop,lolly the pop,Seeing lolly makes me pop,Female,,7241ba00-59da-11ed-9b6a-0242ac120002,dc67eb75f755fbee9c69116a36e40772581f63442f89305efcc8b890855cebe0
191,disy-the-queen,disy the queen,The queen in her own space,Female,,7241bda2-59da-11ed-9b6a-0242ac120002,1bdae12d486c33631504c9d53069e774f2ab04d533cf195f000ae75f53b76f29
192,JennyP-of-Lagos,JennyP of Lagos,A well known celebrity in Lagos,Female,,7241bf1e-59da-11ed-9b6a-0242ac120002,c29d1b5590cab5fa6a2541ed254dbf55df424311409942bf902359bc2e2c6220
193,Jada-of-life,Jada of life,Her business signature,Female,,7241c202-59da-11ed-9b6a-0242ac120002,31f13e8902260186a6ebe9213a12ea0c444c553f6abb63b49bb2ceaf8b24c296
194,Sandy-the-rapper,Sandy the rapper,She just loves to rap,Female,,7241c342-59da-11ed-9b6a-0242ac120002,5488502725e2ff7b8b59dd8e1e4e5dfdeb0cb87e73a826d255682b1dd72009bc
195,Dahila-the-genius,Dahila the genius,The genius in the family,Female,,7241c4fa-59da-11ed-9b6a-0242ac120002,c676dba67fa5a41c39ebdb1adf425764be6a44f2d3fe97075593ddb840e497ea
196,Rosemary-of-Yaba,Rosemary of Yaba,She has a cloth store in Yaba,Female,,7241c61c-59da-11ed-9b6a-0242ac120002,ae99c3747161c711eda6ca014970140938f2d27032abd29c25ca41460dff5251
197,Jennifer-of -island,Jennifer of island,She goes on vacation to the island,Female,,7241ca18-59da-11ed-9b6a-0242ac120002,16678b7ba57c228598d69665cc76106c1e93f28ac3b589247f823cdc5da7686e
198,Opeyemi-of-lekki,Opeyemi of lekki,Opeyemi lives in lekki,Female,,7241c8e2-59da-11ed-9b6a-0242ac120002,2a0842e27e5d78f429f8780895e9b16501a918bf1fdfcac0ece859d982eb0a11
199,Vicky-the-artist,Vicky the artist,Brings life into what she draws,Female,,7241cb3a-59da-11ed-9b6a-0242ac120002,8f899bc4886de48841ed2fc00baa02799d439ccb53cb2331f8718add4f5ede33
200,Afrogirl-sailor,Afrogirl sailor,She loves to sail the ocean,Female,,7241cc66-59da-11ed-9b6a-0242ac120002,1332c946756df90f790b6d9cf6e9980b8db572b18183712a200558e0a24f4b49
,,,,,,,83355207526f3aa4501fa67ac0878eeec53ac0391b1c1499df8b13956d0fe9c0
TEAM GEAR,,,,,,,7d32c3fac0426d1bac2dfacfb0f422b74cbfbe5d97889e02879205c5f2ae4081
201,,,,,,,efa5d9ab214ecc13e8bc6c8dfae130bcc9169accd33e07cef84c5aad8fb8cb09
202,,,,,,,88f8ccb68f6d672d278e50e0df569e5adbb1856154ab17f883bc5144e14176f2
203,,,,,,,691374b7e4db419343a44a76f9ba26d184f4555a446bffd1e818a8e00b1bba01
204,,,,,,,61c956bbe3c78945ec42a0426c0c36384d3096273a1f967c48f8f56afd9813c2
205,,,,,,,dd9bc24eb69b01b9c95fc358e902a0b9e0aabe76dc7899f8ead23636dd6a1480
206,,,,,,,e22421d16b65f83bc698376e61fd40c2358918e0a78da21e0475d6901bf45ba0
207,,,,,,,74741abe0aa010dc009142848bf4b6eb6ebe34742dc3f1f39ecba5f880e9d350
208,,,,,,,db711702feb54a9dbaf7e825c0e704e2ffbd7f062ffea8664e961046305c8bb1
209,,,,,,,6a9365d67c5320195a281224ca15c90022d09a8806a9b7f56db9db37e88ebd92
210,,,,,,,9b726af8aa26471763f65e41242da1bfac3086dc92bb76912e43581789d9f616
211,,,,,,,846f0262a5ccc95abf663dfb19407fa0635ad5c8d09714b38c8101294420acb2
212,,,,,,,89c75c1f0c6270293ce5c981a1c27e8f44de3bd36f34bd57fa0f94a1847cc302
213,,,,,,,9ea94c29d524d24abfee6adfda65bf7712a0011329841ba6b553824f0b78c6a9
214,,,,,,,926733b9b8707a144c0720f94473cb033dfede5ccd67fea0058fbc0b7d96593b
215,,,,,,,c13d36d8393b7c45ef4e37dbc7c35da93a4da3368c6cc2c7eb849409cb34e46f
216,,,,,,,ee28757b47218394b69c985d8345b1e5c04d6ecaf1631b21e9019c1090a126e8
217,,,,,,,6a7aa38ea75a54b774c250e3cd4758c6d9c1e124f1b8abb5e345eb0e1814f395
218,,,,,,,bdda05f6e9d10a6b66b4b8f479206e4eca44a5ff1b375dc43b5d1a7ca32f389a
219,,,,,,,fdd92880846f1b97acb94bfcbdefcc1446861497cc02d7f6a1bfecea944a854b
220,,,,,,,cde404c8716980f724c909577c2e293cb586d50a74719fd5dbc13a925d776a8f
,,,,,,,83355207526f3aa4501fa67ac0878eeec53ac0391b1c1499df8b13956d0fe9c0
TEAM TAPE,,,,,,,173607f595d36406e43fdc92516d74c20c0548c9c646f49c0d486e0c709dba2b
221,hng-newbie,hng newbie,A confused hng participant that cannot understand her project,Female,,0ddbd22c-b3bb-4c72-9f51-0361480bbfa7,e9e4bfbc8295ae895f2a720c357b869118b24e9417bd816ec07b1320d7555133
222,nene-caroline,nene caroline,A housewife that loves taking care of her family,Female,,4ce5bcf3-d4ed-4277-8187-cb1797c1ac7e,abb11ea87d8c912a3216ff196c66a9a31e27e55fe1257c9fc52fe4e97de6cc55
223,wazo-partystopper,wazo partystopper,A Nigerian aunty that loves to attend owambe parties,Female,,77237cce-bae0-4d60-adad-27055f0eed39,1bcf5c9e2d7f8ed5c52c73a64614032a5c735c154a50c4cb2733c1855a224e45
224,melanin-janet,melanin janet,A young lady with a soft personality,Female,,a5a2854e-a850-4b15-b3c3-176a79b2d34b,9fd1208bb10b01ade096aeaeb589f7c834866081c95184e2ec8a85a2d625aa9d
225,leo-sugarmummy,leo sugarmummy,A middle age wild yankee returnee,Female,,7ec03993-f500-4a41-aa3c-a73df7a0fbed,5c35393b9b1b5d6dad5282d766a740bdc723ccc7ec1711d8f2eb14b37b709b3f
226,novice-joane,novice joane,A princess worried about finding true love,Female,,a5d49163-41b1-43fe-ad7f-0c78ef530b1a,a1a5495a967a9025926403ff5fc9d01063881ccae1827febded877697fb6c0b4
227,goofy-simbi,goofy simbi,An eccentric teenager that loves music,Female,,df7dc588-f99c-4592-84f6-08b40047d9d1,b153cb055c514c6747bab6d447b1bb4878b00c4fd0c64e43ea37a1e057339bd7
228,akwaaba-ghana,akwaaba ghana,A depressed gothic introvert,Female,,d1e8b38b-994b-487c-890b-9034d3ab7dcb,08165752c5e2a444cd1cbf17945a3d0e7ac0cb6cac1b80513c8022beba9eed61
229,aunty-toyin,aunty toyin,An oversabi family member,Female,,1326ef4b-224a-497e-9452-e63a4486e387,08e7e34dcb24d3fb891948ae6e98b734f1287417f8044e34ee7e3fe47588c375
230,pretty-hauwa,pretty hauwa,A young bride involved in an early marriage,Female,,7c771f82-a512-403c-91b9-6736318a8796,3073e67f5c1e1b5fae35234e8a249c53106a41cfa6ed0ecedcd17959091e0790
231,chimamanda-enugu,chimamanda enugu,a young lady born during the war,Female,,eaad5c98-3f85-4480-9c4e-b73340cfba4f,aaaff9bcaa82d8ee70bebd9f0be38e96da16f5c5144df3c4f7fcd1d2ad01e11f
232,kente-solape,kente solape,a respectful and diligent princess,Female,,613ce65c-4b16-43f8-a0d9-b5ea8c5f2195,62ef2cb183332f96e25af746f9e5cc9cb8b938a42e9636573c561e0c8fa279f5
233,vamp-karishika,vamp karishika,Queen of the darkness,Female,,c4ee8a54-0874-4a7f-8344-dea8ba41f5dc,1f05238960cc84d60f44fa05be74cb8e99e196bcc96e781b50d5c4b1797e09a1
234,genz-monique,genz monique,A sassy lady with her own vibe,Female,,b5328f13-b918-4e76-8d4c-8b4aec5eb5fe,8c3eded14c53c5f1466fb201f4e135ff05674abb916ad62852935b0a05b447d0
235,femi-boltz,femi boltz,A driver hustling his way through life,Male,,03e8d36d-5bdc-4da4-8f64-c1738eb9d1db,98b6d9ad1ccce2093e960302c3afd51887070290fa64ba12e5d74723f44f93a6
236,agba-tech,agba tech,A tech bro that loves to party but has bad communication skill,Male,,403f28a0-6aa7-4f80-997f-b0982c169baa,5c8d1c7267581f34f473e12506de39e7fd539c73816e7f9080b169b2ab787cd7
237,brian-richkid,brian richkid,A trust fund baby that does not know how to manage money,Male,,9d945d79-dd2d-4755-b9c7-bff837be8557,4a19138e903c8152fba898346bdb32b64eae97f3360bbd5fcfa1d95e4429beb4
238,nandi-zulu,nandi zulu,A fierce African Queen,Female,,09702bc0-d10c-48d3-a1e9-2aaa4e9f3f39,4c91e5e503a7f7b71a5deaed88d6c77b147d068e45fdc6476a11dbc24e85f712
239,ade-demon,ade demon,A lekki playboy that makes money from crypto,Male,,0be2d50b-3e57-4e39-a199-b211d2be860c,beff86755c637bde08e5de9424e5efc13e31501cb2129a09ac751f43b62e25d6
240,karim-rapper,karim rapper,A young and proud Lagos rapper,Male,,169b58f8-b84a-4ab3-a4b6-d1c5b36aa1d3,babd31690dc6fdab915048b1c9749aede3fc0faebec686f61021cd8f438f501b
,,,,,,,83355207526f3aa4501fa67ac0878eeec53ac0391b1c1499df8b13956d0fe9c0
TEAM AXLE,,,,,,,747bb41824e0effd56d702846b814e4ed108ff823b6102fe085abd4a57b3bd9b
241,bobo-alinco,bobo alinco,Alinco always in the mood for play,male,hair colour: dark brown,ede853c4-5abd-11ed-9b6a-0242ac120002,61837b97e1ab80dbb75a1988efd34d10e4a21df79baaa644e0e36bd859f791b0
242,chi-lastborn,chi lastborn,"Baby of the house, the lastborn of an average Nigerian family",female,,ede85964-5abd-11ed-9b6a-0242ac120002,58eee90b9d56c7a98729525ffe5b9e0bdcae21b4bb21de85de4ee7c8b225a1be
243,uju-robo-robo,uju robo robo,An aso-oke business woman at balogun market,female,"accessories: ankara beret,",ede85f90-5abd-11ed-9b6a-0242ac120002,d4b54c33b0d521edd74b2338062eb348998e65f90f134123c0ae3e394eb26127
244,yetunde-anifowose,yetunde anifowose,Old money lady who was in UK before UK was UK,female,"accessories: tobaco pipe,",ede861b6-5abd-11ed-9b6a-0242ac120002,01357a26d2d75c0ab5f1911095d9a196b5d2d86f72bddede3bfa1bde56f8117c
245,dumebi-jjc,dumebi jjc,Innocent 100 level girl wey never spoil,female,,ede865da-5abd-11ed-9b6a-0242ac120002,414a3123663cbc52ec1be99ac361e3fb273e278eb80da573688a31a55883798b
246,ukwu-nengi,ukwu nengi,Well endowed woman who will always make heads turn,female,,ede86800-5abd-11ed-9b6a-0242ac120002,e67b591424798d9e5c0a4213589f632abb3e65cc293d9eefd03166629f186a17
247,nonso-malay,nonso malay,"Man on the move. It is either ego, or money my bloder",male,,ede86a12-5abd-11ed-9b6a-0242ac120002,83fb53564bdd98c6239702bc09db8bea31e383953d545be7b11d8e808d1c9f3b
248,saro-texaco,saro texaco,An oil tycoon who dominates,male,accessories: cap,ede86c2e-5abd-11ed-9b6a-0242ac120002,8a666679dfb27c5cccf80ec2262d5751c2497aa10e8b5274ee88ddf27c1fe1ea
249,akpos-agbero,akpos agbero,A Warri boy always in the mood for violence,male,accessories: cap,ede86e22-5abd-11ed-9b6a-0242ac120002,0cdd2925891da3aec71df92fe5be5f6f50ed9b861e58162bc581c4165fc819ff
250,kasali-danfo,kasali danfo,A danfo driver popular for his positive outlook of life,male,accessories: cap,ede86fbc-5abd-11ed-9b6a-0242ac120002,bdab84917dbd98004041e01c3c3f2f259793fcd2e38462c3078fc7d575bfa348
251,osaz-benz,osaz benz,an Internet fraudster who hails from Edo state,male,teeth: gold,ede87fca-5abd-11ed-9b6a-0242ac120002,4ffff5cc843449aa0f72439bcb6f0d052bd4925c43b90d3839013de7746f2777
252,kareem-kasanova,kareem kasanova,Abuja big boy who knows he can get any lady he wants,male,accessories : cap,ede8820e-5abd-11ed-9b6a-0242ac120002,48dc306c4b82576f43470aca4f0a9783d5d830940acf1dc9fc50de26c1c780a7
253,mayor-of-uyo,mayor of uyo,Essien is a top Lagos businessman who hails from Uyo,male,accessories: cap,ede883c6-5abd-11ed-9b6a-0242ac120002,894fbf934ac8966c3c9ee71dcab34b67b55978c2df47201e84a53b487d1bee3a
254,chinedu-china,chinedu china,An Nnewi blooded spareparts importer and exporter with goods from china,male,accessories: cap,ede885f6-5abd-11ed-9b6a-0242ac120002,c24ed5c04e92cb8d8556e03f57f9de64af20ac603c05b60cc6b0692be0433f45
255,papa-ekene,papa ekene,The oldest man of the Akwauzu clan,male,accessories: cap,ede88808-5abd-11ed-9b6a-0242ac120002,0e2c776e1a95fa3a3f5c87a5b2dd423c79ee521def9a4645dc5c2590ffd41166
256,ogbeni-rauf,ogbeni rauf,Minister of enjoyment for Freedom state,male,"teeth: gold, accessories: cap",ede889fc-5abd-11ed-9b6a-0242ac120002,d7328e8ba05b9de4307ac7bcb2b09ccce008f9fc25ccd4f7551993c5a5569ced
257,koffi-banku,koffi banku,E be Charlie wey no dey use en stomach play,male,,ede88c2c-5abd-11ed-9b6a-0242ac120002,832bf06c02d1d064348b459226a6cd5a0a9d973bd81dba1407b3e8bd2adcff40
258,alhaji-bello,alhaji bello,Rich hausa business mongul controlling half of cow production in Nigeria,male,teeth: gold accessories: cap,ede88efc-5abd-11ed-9b6a-0242ac120002,3c3c1da64ef22d865c11352e4273deb84156bfaad2d4f691386aad038e53606d
259,toju-mafejopami,toju mafejopami,Toju is a street hustler wey no like stress,male,"teeth: gold, accessories: cap",ede895d2-5abd-11ed-9b6a-0242ac120002,478e631028aab6327baf5a3b6a9970260a196b3a9cb92fa26b44a4b5400d5cc8
260,femi-maserati,femi maserati,"Rich kid who resides in lekki, known by everybody because he drives a Maserati",male,accessories: cap,ede89802-5abd-11ed-9b6a-0242ac120002,318738e63e77b44e9b249c89cd29c515f22262698293cc00ae9901dca1b84619
,,,,,,,83355207526f3aa4501fa67ac0878eeec53ac0391b1c1499df8b13956d0fe9c0
TEAM POWERDRILL,,,,,,,403c3efaafc2a132b311aa3c0ff44a7bd32048f7c9b01b4f64690d49009ec295
261,Paul-the-comedian,Paul the comedian,Paul trying hard to make everyone laugh so hard and fall off the chair,Male,"hair:bald, strengths: calculative, weakness: public speaking",f8112915-64ca-41e5-9ca4-5b60c47d7a01,19daff7e311188c2e98c0011fd97e97ed34a1074e5e5a0d20d61882427aa231e
262,Amina-lagos-housewife,Amina lagos housewife,Amina is always showing the rich housewife vibes,Female,"Cap, Eye glasses, face mask, none",5612f542-d85e-4a2c-8661-20553dfd07bf,4af807063d76d6a361a5fa62ac367e805051c7ad386be7fbe8c1dc1227fe25b8
263,Kiekie-the-asoebibella,Kiekie the asoebibella,Kiekie is classfied as the life of the party,Female,,097014d5-0ef3-46f5-9a9b-5c01f70114b3,c84814b8fc207d6c62ab9c97e6c0a82e6800a6bbc282ab6b271040c67f24ea3c
264,Kunle-the-hunter,Kunle the hunter,Kunle goes for the best and hits all his targets at bull's eye,Male,,b0310fc2-4bed-48e5-abfc-566c964786d7,ba1694d29c1b3b0b16307dd896d35974cc57daaea6b5a64c7508f812aca96018
265,Amara-the-hairstylist,Amara the hairstylist,Amara is truly your one stop shop for all your hair & beauty needs.,Female,,412345b9-7e04-4102-af7c-5458721ac64d,48f9139f6bc4291867042e8c4d7d3c58cbba5c88b2624d0a13de885f9c27def7
266,Mary-nail-technician,Mary nail technician,Mary makes magic with her press-on nails,Female,,17ea9c3b-c90f-4023-84d6-d563c098b030,c0c70cc920e634de1665809117ada0d3febfc7baff7902d0a2699dbf9063adf0
267,Odogwu-oil-contractor,Odogwu oil contractor,"From Malaysia to Kaduna, Odogwu's oil is known.",Male,,b503bbfb-f972-4d4a-9352-e9dfe6671d36,3480708310d4a8728cf9b9327ed5349f739a4e6a19670ef28157d912ec942a36
268,Simisola-the-kenteprincess,Simisola the kenteprincess,Simisola rocks kente even in swim outfits,Female,,45843017-b421-4413-8e35-7a6ef073f2b9,9364c64941588fcbccc7be7c043c7a61336bcf66d727a5e9a543548832d07112
269,Mariam-beauty-queen,Mariam beauty queen,Beauty is a fairy tale where Mariam appears.,Female,,b7d96d97-84c2-485f-b60e-e4e86c4d3b34,bc8ff6ccd472b10831cb2145276b181a40258e9cfe917b51f04da31df8f0d9ed
270,Obinna-the-musician,Obinna the musician,Obinna might never be an a-list artist,Male,,afdb0299-327c-46b2-9262-faf90f0fcd12,805ab08bda5db70c53d93b266c8e346c3de74d6d62211023f90128f9cef06537
271,Sandra-the-shybaby,Sandra the shybaby,Sandra is too shy at parties,Female,,bfed40a8-74f7-4ada-ae18-975130247efa,6eb2eca64dff7f03efe41636764b0448da215461be9fa2a00633c5105f2ca19a
272,Chiamaka-the-dancer,Chiamaka the dancer,Chiamaka dances so well and earned the Guinness world record.,Female,,43c49497-8d7b-42ef-bb29-769f6c3b0ada,2a04b08d2f131ad8db1401fff445a786a4754706c80fc9eb7799d2026c607588
273,Mensah-fashion-icon,Mensah fashion icon,Mensah outfits are always giving us Christopher Hemsworth vibes.,Male,,87ada09b-38ac-475c-8d46-18680c2dc795,3c06b210d1ba603129a7fefecefeca31b7ca2b8938ea81f5feaa926421e3e213
274,Lucy-the-fumigator,Lucy the fumigator,Lucy is nicknamed the pest hilter,Female,,c7269d44-aab3-41e7-a54f-18a14f575a6b,5805a5a6bdf696527658d76afba5ca7fae279faea05f6e6d678effe413474025
275,Nneka-wedding-planner,Nneka wedding planner,Nneka plans the best weddings with great details.,Female,,31ac6b7a-e378-4dc3-999d-b9e8d8473f99,af20e633045f3e4047475a3f6a3b23e832039682a1497c3a5d61dee82a7d8729
276,Shakira-the-gangster,Shakira the gangster,Shakira is the most feared criminal.,Female,,dbdc1351-aa07-46e2-935f-2db071b1b23d,622b3ec8d78c7b09db156de3eb1c11bb7c44865dfb822e9ea853a4d8772fadb8
277,Lola-afropopping-princess,Lola afropopping princess,Lola licks lollipops like an afropop queen,Female,,2f5cadae-e423-4478-8220-37b3ac144169,e21064cf7c59138c8609cf096b1c9d7322d19e74355c9e67a45fde7214ab8a42
278,Sharon-walking-dead,Sharon walking dead,When tired Sharon walks like the dead,Female,,1fc37341-7dd1-480c-a01b-a63bee0a2230,eeb231d29ad96818fa3af806892a4c0db6fc78017d78d6d55b2f2a6713e58b9e
279,Olivia-great-teacher,Olivia great teacher,Students enjoys Olivia's classes,Female,,cfc4419e-bd46-40f6-9654-632ac1138ff1,8221a5772265170477660ddc75ac89735f12f0624b3b5afd88a29c48c07bce4e
280,Nicole-sleep-warrior,Nicole sleep warrior,"Nicole holds the sleep award in our community, she wouldn't wake up at the sound of a detonated nuclear bomb.",Female,,710ae821-4603-4124-bd60-a33b515b3b8d,ab170b1500ee943c2bcee05f43feaae84079b97b7030cc1776d39c5a7748cecc
,,,,,,,83355207526f3aa4501fa67ac0878eeec53ac0391b1c1499df8b13956d0fe9c0
TEAM HYDRAULICS,,,,,,,96fc1c66f6c299f0d64733829c4ce83330083648dcea8b4b0042d6df01effc8a
281,Busola-the-shakara,Busola the shakara,She is a fashion icon that loves luxurious items.,Female,,ec4a855a-5ceb-4f1b-bbd7-a995aa45e875,56501ec40643370b881809834fd5a527b4b0a62bcf3d4fa084ad1339d82b8aa1
282,Bella-the-artist,Bella the artist,A lady that host a fashion week show,Female,,48772412-dacb-4984-9e82-8d24fe101265,d3270d97e35ac7640b8c3a4f6f4e75fb0b12faf1d4c4c75b34070aceccc8020e
283,Queen-the-extrovert,Queen the extrovert,A woman who enjoys being high all the time,Female,,1712532a-20d9-4ccb-8582-bffd76c9fb67,d4ac82035c92ca7594c03f3b27c770575039448e0b1cea25837106b70a11bda5
284,Mary-toxic-lady,Mary toxic lady,A lady who's toxic around people,Female,,bc31af8d-c45d-4797-adfc-596fb22e4e3a,9e8234045942b5ab42fca0f213d54e2a05a5bf9c29f67c982dc35c632b990986
285,Elizabeth-the-richkid,Elizabeth the richkid,A university undergraduate from a rich background,Male,,21fad782-1b6f-4c2d-b157-9fdb9355c876,635d9e94ef45efcfdbec325652280dac260db45cdfa1bae73133320e376493eb
286,Larry-the-westerner,Larry the westerner,A Yoruba Man who smokes his pipe in peace,Male,,d4984fa6-dabf-409f-839f-76742ec71500,df35010d1a7b5061ab368e4551a0bc8b27b481bcb92504eb50e66df625b4f4d8
287,Danjuma-the-shocked,Danjuma the shocked,A pensioneer who got told his bank is on distress,Male,,0187ca7f-f3b1-42ae-9e17-c46d58617608,cfe1d835affa7378c09f36be265044090bf3b7fe7e866b71b77d9156ba8f686d
288,Yomi-the-fashionista,Yomi the fashionista,Winner of the Lagos GT Bank fashion week.,Male,,16d256ba-dc4e-4559-ae41-59779f351ad3,08be70f31c72c5d87b7a3e3c2929668680098ff9e1862ee9053199016cb72eab
289,Ibu-the-importer,Ibu the importer,A rich igbo trader who imports goods in onitsha market,Male,,d3edc876-3f2f-4699-a376-0787bb06c5d5,27b3392ddd2001efc4b52ac136f8df67757b8d8ab8de9e33ac1a03f18d5d2059
290,Massa-the-ghanian,Massa the ghanian,A rich Ghanian trader.,Male,,9a9a5fbd-7a3c-469c-95f2-50303c2e9fc8,809f754891eb1d66a1daccf9d8a7ad593e9ad9ecc51a90f942f675900848a53d
291,James-the-musician,James the musician,A yoruba juju artist,Male,,0d4ad447-3836-47cd-8387-066b200cda01,c0caa51dbb90ce79a424a299a010dde78b0d6350e3eb285602365db239368f75
292,Gbenga-titled-man,Gbenga titled man,A yoruba chief who is also a car dealer,Male,,dc6c1a39-ec78-44ca-8296-68c6de7b5de4,8c17c4fee10b09a7bff4730bbcd977e0c4119956d9eaf3ae92fd186f9b84bb66
293,Abaga-the-rapper,Abaga the rapper,A flashy millionaire and a music rapper,Male,,c428411c-5a06-4b74-bd17-e53b76f9fc6c,d61b5a7c30632e82378c0cb742513fc85d9e5728f8e41125cfbc5d8131ac9560
294,Izuchukwu-the-fisherman,Izuchukwu the fisherman,A fisherman who knows how to paddle well,Male,,15e1caf2-06b3-45d8-9b35-f95965b64e34,4a0b9abe9b72d1cf75f52c665ec76563deb856ab7ce9e1d82667d4dd4f8b53a8
295,Mark-the-philanthropist,Mark the philanthropist,A London based philantropist.,Male,,b48cbd98-96c2-4ec4-9d17-2c798be5b90f,6bd94640a49628bd39e998c909d8f2991cac29948217ceba09200efed8e83428
296,Desmond-the-politician,Desmond the politician,A young politician who just became a minister,Male,,c52d4fbb-622b-4e2b-85a9-1a1d0f3d97d6,bf16185fac3b8a9a67008a779c8d2ec2caad8c283803989bd0354c2c0523b9f2
297,Okoro-the-bachelor,Okoro the bachelor,A local palm wine tapper with hopes and dreams,Male,,e441439d-49a3-41eb-bf9d-3c7f98c268bf,b7bba800a1aacec0fa7a20615e9a9add32f41719fdd87d275352393b200c6ba3
298,Saro-the-clothemaker,Saro the clothemaker,The yoruba man that stole the king's wife.,Male,,7e10af4e-1252-4f96-83a8-78411e152bae,14714d600d3b09831a6456b10fbb190557966798429738c56223c28e902d5e7b
299,Kalu-the-ichie,Kalu the ichie,A man of wealth with afluence spreading all over the east,Male,,482ab247-73a4-4ff8-9172-732f3d0729b8,7ef758a7b6f606790f6462664934397e985df8a12f78f5fb65123e9cfcfe27e3
300,Tamuno-the-prince,Tamuno the prince,An Ijaw prince who is also the heir to the throne,Male,,108447d1-f2d5-4816-8ebb-599286c3fabf,737503ddf385c5fae987585168cd07a43d0d99580d396f409a3cbe17ddcf3621
,,,,,,,83355207526f3aa4501fa67ac0878eeec53ac0391b1c1499df8b13956d0fe9c0
TEAM SCALE,,,,,,,e00c5a4235f3a15afa2e8067dc8dcaccc806ce8cc5d99522ee6f5b0f05bc836f
301,wendy-the -banker,wendy the  banker,"Wendy loves working in the bank, as she gets to meet different people.",Female,,587645e2-5ace-11ed-9b6a-0242ac120002,715cac707b40820ff0af0ffea318ab816646b47f94053c4cea71b30d8a34ddaf
302,uduak-the -dark horse,uduak the dark horse,Uduak looks innocent and has the whole apartment bugged,Female,,58764862-5ace-11ed-9b6a-0242ac120002,7813a49ab25e2598adc10878319e9a0b25663d38feb250b78cadf7f1b5caf6b0
303,timeyin-the -eccentic,timeyin the eccentic,Timeyin is as eccentric as they come with no care for others opinions,Female,,58764a2e-5ace-11ed-9b6a-0242ac120002,1d814b28905755d933807731ba461ac8b4dc823ef4087ae68e954063fa329609
304,omawunmi-the -businesswoman,omawunmi the businesswoman,Omawunmi is a no-nonsense woman with a shop in idumota,Female,,58764b78-5ace-11ed-9b6a-0242ac120002,3f857decb458ce427932c78e9016bfb27e302ccb5fcf4841c5af218ffa0cf3d5
305,halima-the-housewife,halima the housewife,Halima loves to bake and cook for her children,Female,,58764d8a-5ace-11ed-9b6a-0242ac120002,e1819bd19f7aca1b9d11f6ed2d866d5f01a75b499bf279160f9ec0abdfcf893e
306,muna-the -block sister,muna the block sister,Muna loves to tell everyone in the block about her younger escapades,Female,,58764ea2-5ace-11ed-9b6a-0242ac120002,de44533b4312de37b4ac84807a75496118d40e4b9c646371a0a7d4566d6fa9b6
307,stella-the -gossip,stella the gossip,Nobody gossips on the block like stella when smoking.,Female,,58764fd8-5ace-11ed-9b6a-0242ac120002,4c11fd837727b75747d8d3619b19940d370e9f31b523eeaacd6300f7021abbe6
308,agbani-the-wannabe,agbani the wannabe,Agbani loves to shop antique ndecorations for her mansion in idi-iroko,Female,,5876542e-5ace-11ed-9b6a-0242ac120002,ceeb676f58afa52679a177e8b7ea83d7b26cb14c44d10ed7ed40b5df5b61b58e
309,asante-the -warrior,asante the warrior,Asante came from along line of warriors in Ghana,Female,,58765578-5ace-11ed-9b6a-0242ac120002,734e6064121fd95872ed4b26c229ef7336bb204b9639190c2e45e6e3f11e825a
310,hilda-the -insomaniac,hilda the insomaniac,Hilda prefers to sleep during the day,Female,,5876569a-5ace-11ed-9b6a-0242ac120002,78200568d3c45b8c4bd6729eaf4e79700a2952955abdf234acfdcaee90876a93
311,sisi yemi-the -street aunty,sisi yemi the street aunty,Sisi Yemi is everyone's favourite street aunty.,Female,,587657a8-5ace-11ed-9b6a-0242ac120002,bf043c03e5b9b94a70ef7581242ca224726965dde1d29ece366ee65b04f4d935
312,chiamaka-the -bully,chiamaka the bully,Chiamaka hates people in her business and likes to scare the kids on the block,Female,,587658ca-5ace-11ed-9b6a-0242ac120002,990befbe475484f7b8059486e7824805be254d0a465094a6be573ad28dc4d7e4
313,gift-the-fashionista,gift the fashionista,Gift has always been bold and that spreads to her fashion sense too.,Female,,58765adc-5ace-11ed-9b6a-0242ac120002,3ecb274a98225da459ef9b71e1710d1b5e734382363e9bd6f5fe4e49ecf46796
314,omoyene-the-weirdo,omoyene the weirdo,Omoyene likes to murmur to herself and talks about seeing ghosts,Female,,58765bea-5ace-11ed-9b6a-0242ac120002,aa1e689c20767cce97abdf3012983c5cc73213ddf37d9bcdde2b5256c02f17ef
315,maria-the -freshface,maria the freshface,Maria likes to believe the world is sunshine and rainbows while blowing gum,Female,,58765d02-5ace-11ed-9b6a-0242ac120002,b0593f1fc24df817aee0d5292e4269ec2964ce463be6d3586ff28d4d932dee13
316,monica-the -smoker,monica the smoker,Monica is never found without a pipe and loves to interject in every conversation,Female,,58765e24-5ace-11ed-9b6a-0242ac120002,3f97d2176f6ce900575596f0608e1f5c3b90d32a00a43f6ebdd2bfbae4be0a55
317,,,,,,,82612e71ada43e741ef37eccbe8356f8389aa130b6100da8576a0d9d5129f4c0
318,,,,,,,5ef27f2c0e71c58befc02372f91b4d3948084091675eb68ba8a7cbd0f9005283
319,,,,,,,a6daa8f5bd738c651c89b8638c504dae3094f5a223dc8e818a0cdaf55f25a865
320,,,,,,,2331429e0bd5ba64361eb7509e7de0f5b213c40dbd5c3466e8e8aa8e04f017e9
,,,,,,,83355207526f3aa4501fa67ac0878eeec53ac0391b1c1499df8b13956d0fe9c0
TEAM SANDPAPER,,,,,,,3a78926439eeea8a3aeef198ae9bd264337db8ea72b64e884c58851e9e6683af
321,Omunyinyi-the-stoic,omunyinyi the stoic,omunyinyi wears a Kitenge coat,male,,c2d6a3ac-1d4d-4268-ba7f-4f0f8f50c1ab,9ef4c097cfc6df658844344a56a49cbad8147b4c9bb12492888034efa3d07bcf
322,Kamau-the-sleeper,kamau the sleeper,closed eyes meditating,male,,20330f5c-40c2-4f6a-b9d8-d1d04fb97daf,ff2c9e9366e84e304d1b67b0e66012192811c62d4327cde62ad5682cf1562dc5
323,Mutiso-the-lastborn,mutiso the lastborn,masked up mutiso dozing off,male,,0706c338-42eb-4d26-84ea-c24b39628200,74e0ffa1403dff40a3e550e0a02d84d60ca89ae470e0a027d8e002c204d86870
324,Omondi-the-vegeterian,omondi the vegeterian,omondi wears a green coat,male,,bfb5e8d5-d7a7-4aa8-85e8-d7d9afd4adb3,83cce9f023e46e7a46a3acde51aa12bcf2cb6f745a00351c712189b2c1ed3e02
325,Barasa-the-optimist,barasa the optimist,looks up to the sky and makes a wish,male,,2da4bef4-38cc-4414-99ad-7361fac04b2b,cfceec0eb40f0c1f50f97a55fe9d1669def80fce37cef0aff17505d92c25bb46
326,Mwembu-the-elder,mwembu the elder,"old but not so old, with yellow his favorite color",male,,36181230-6ac9-417f-af5c-23bdd2c25ecb,79105d6c93eb57027bb53a3227ef55808b60a454f9156fe2295f436e298e7fb2
327,Mbogi-the-fighter,mbogi the fighter,masked up mbogi after capture,male,,3a7bc3c4-1463-42ce-84c9-07337da64435,b885316f7216a88c26e655dc468e036f52603e3b55054a54c96f2b04bfc3cc82
328,Mrosho-the-runner,mrosho the runner,masked up mrosho,male,,b2ca2c76-3b6d-43f1-8cc9-089b6ab83876,d0a4d147e77f4e577b2e390d81b4b5df4089d8f08059db2349653897a4a9afbe
329,Milele-the-african,milele the african,milele with a nice african print in orange,male,,644b0259-d75c-456d-934c-ce7c052bad3a,01b3aebe9387d2899761feb863d1076d0b1ee4c3bc0c77399c9495c4ae44bed3
330,Olebon-the-oloibon,olebon the oloibon,olebon in customized buba sokoto,male,,de261efe-731d-461e-b2e4-42edd2f48f72,a80c35a3233104f98b6b402f0c75938e9efa1ee32e93f757a98123cb98e7dfca
331,Chifu-the-maasai,chifu the maasai,clothing inspired by maasai shuka,male,,239933c4-7177-4b5b-86e8-e6f952301344,b7dc2360df03755fa86601f54906ea310862156df6f5d24626c832dc40ec9202
332,Mwangaa-the-voice,mwangaa the voice,mwangaa the chief,male,,49179b62-812d-4d0f-b518-4af7fa79f8bc,f60c4ba283acabfdbf8180f13b48d321719a460f9269e8653e31a554d5a162a8
333,Waforte-the-first,waforte the first,masked up man who does sleep a lot,male,,871912a8-d96e-4594-b7b3-450d94ee6924,0ada93d2a864affff8db52723479ecaa43b703089abed3db7520a3b41b90c23f
334,Kariuki-the-prayerful-one,kariuki the prayerful one,kariuki closes his eyes,male,,6a5b6fa6-0f91-4b01-957f-c766945eb704,6619c61db4cb8a947ff9324c8bf27c3d9bb55b016e19652308a3d751948ca31f
335,Kenyanese-the-priest,kenyanese the priest,masked up man with with white cloth,male,,0706c338-42eb-4d26-84ea-c24b39628200,ba5a5b14362bfda91da01614a5f9486a1c5fe3e7dbb2568a280548fbadb5d652
336,Nyimbo-the-singer,nyimbo the singer,glasses and a pot for the night,female,,d05af807-b3e9-4ad3-8df1-b7864d2daa33,d8ea5c1ad8166ef1a4c5b562eb1e924e591f0c5a31bf0b50948959591cbaabcf
337,maathai-the-nobel-winner,maathai the nobel winner,mathaai the warrior,female,,0871cb8c-8d56-445d-92c7-01793f327707,4afdc1bffa47ac4775b933efe528900fe07ea4e55efb1d229e7570cd4f187ff2
338,Tish-the-angry-one,tish the angry one,angry tish with specs on,female,,750a89dc-44ff-43bf-8211-b7776f1b5e52,4813812f534f0b76a35ccf60e439a50f52df8f45228d74788b802f742cc7b4bc
339,Wamenza-the-winner,wamenza the winner,wamenza the leader,female,,7348c9ed-4ac9-4785-9434-0a1f0dcaf8d8,611ae75ada75a1702fb227f705a27c5b43d80bb762bc4a5ba00e9275701cfc3a
340,Isaya-the-track-king,isaya the track king,isaya the traveller,male,,41781a16-d2b8-4fc6-a1f4-b9fffc5c95ba,769a8ad7a9d4b346b5b1feb9e7f8b249e684c298500f69b1ce231c4df856d23d
,,,,,,,83355207526f3aa4501fa67ac0878eeec53ac0391b1c1499df8b13956d0fe9c0
TEAM RULER,,,,,,,a5779526204ca6b1b3d02c3e3f501224c570f2db231c54f108fe9fd6d9f408b1
341,mansur-the-partyrider,mansur the partyrider,Mansur is the life of a party and never caught dulling.,male,,78db0f29-3936-4d9c-bb90-3dbf20dba2dd,3a573374ee316374fd1d30f96d86fcc4e85cd1153b953b78057712fe49074b31
342,tola-the-businessman,tola the businessman,Tola loves business and owns several shops in idumota,female,,1c5d5a6b-cf04-4bf9-978e-22a7e9bc5819,8248fe604b6de9708288b5e513851ec3f23bf0a27304e4ba857f134dc39c0af5
343,abdullahi-the-honorable,abdullahi the honorable,"Popularly called ""buje budanu"" a godfather who lavishes money on young thugs",male,,dd708276-445f-4483-8357-fc08e999328f,fb3df68aeb870a9c84c2bfa2ca3e55ad9d4ad9a06ceb08a1aff61b614cf8e3d4
344,ojukwu-the-badguy,ojukwu the badguy,Ojukwu likes to oppress and cause trouble,male,,76c1eabf-15ea-446a-8426-472982c4d800,67c5fa3e2815f1c2770ee2eec44a170852d4496dbe6537b9bd0307b9a45b1999
345,odunsi-the-egbonadugbo,odunsi the egbonadugbo,Odunsi loves to advise and people in the community rely on him,male,,2912ab8b-5875-4277-a5c2-a0209aee90ae,a905d9c0a14182a981520bcc00a49681e2d1f4bea12c6c3888ac4ca85a1d6dcc
346,ogogo-the-sugardaddy,ogogo the sugardaddy,A rich oil magnate who loves to 'solve' young women's problems with his millions,male,,aa575f30-04ad-45f9-a798-199465117793,c613740534a22849cfcef95b4fb6f4023355fc7bd01142038477f6fc12fc0b92
347,suli-the-amalaseller,suli the amalaseller,"Suli sells amala , she is very rude, and they say thats the secret to her sweet food",female,,46fd4821-04dd-4f65-9290-c130a00c4c93,f57b6c449e4ece45b9a56d9f6d274d35e55db2735338d8daaae84733c07ae751
348,dolapo-the-afrocentric,dolapo the afrocentric,Dolapo loves african prints and loves to showcase culture,female,,cbab232b-5c62-4df8-867b-018a2e496cd4,a36f36194bceb5afa1eacbf4154403fcf413aa7bc3a30408b354db7cf9311df5
349,danjuma-the-saddist,danjuma-the-saddist,Danjuma is a grumpy man no one likes to associate with him,male,,5a42af57-186e-425b-b6b1-f72bda4911ef,244d4f42453694c71efe00bb198dd0c309561c0eaf194fb16180589b73c99e78
350,chinedu-the-farmer,chinedu the farmer,An hardworking farmer who has 6 boys who help out on the farm,male,,9e8a55d7-0d8d-465d-a628-08ddd387a2c6,b65c4bb9541d3b878b2f93c8515350dcb38de61207cba6ab0ea8eeb4b1e11133
351,kola-the-baldguy,kola the baldguy,kola girls fall for his bald head and always barb it,male,,c32f1757-da9c-49e8-bd79-510a42b6971a,db44851fef125fcf837102d0bbea49652b28c9a985c2a36fcc72687a3375a904
352,bola-the-bosslady,bola the bosslady,Bola commands boys and chill with men,female,,09ff910d-a2be-49d5-8b27-b9378458701c,e864eafc9aa3733b6d7030a5656672fd2efb4df3d4729d4f2c143b4f0693f02a
353,kunle-the-alienguy,kunle the alienguy,People feared kunle because of his alien's colour,male,,dea2f5d8-e3ba-4d3f-9a17-0a7edfd0c100,98a2b7743ada92f60c08af5ca456129fd58d29da0b6cf7b555cd2f8051bb7a68
354,segun-the-sharp,segun the sharp,Segun drives with caution and people love him for that,male,,f9159a9c-f48d-4aee-bcc1-63c86209f806,caf01bf9b5ba773be3eec876cef9458689909829c736bc8f771e17dce7654985
355,ola-the-hardguy,ola the hardguy,Ola is feared by many and he leveraged on that,male,,a814fc77-bdfa-4e50-8ba8-3e4e4bcfb3c0,cbaa4a4279d983f4e2251419d15791b1e58338bacf02e3b14c6f75898f9073ae
356,emeka-the-chief,emeka the chief,Crowd are always at Emeka's house and people respect him,male,,195e89c8-0b6f-43ad-9a2c-d20f03439e96,0584124ebe94ed44eaab8d788213a75e7afbf6318e3c5283175e79ac90997a18
357,ugochukwu-the-celeb,ugochukwu the celeb,Ugochukwu has many followers on social media,male,,74775cda-cff4-4d21-8819-693127598eca,0fa72b73da6509004a768f3ffb721626afb4eb1fde757e1841e47e4148219159
358,adekunle-the-yorubademon,adekunle the yoruba demon,A womans' man with no devotion to any of them,male,,5c98c2d8-3144-4e08-8a0f-9b8d7e4f5aa7,5a80929303eafcdcb86e86cbb04b32d43162c10d6fab518c04d62bdfdebfc5e0
359,favour-the-fashionista,favour the fashionista,Combining dresses is not a problem for Favour,female,,19fc15c3-80fe-4d45-a2fe-be8f087d57c4,b7b6b816496dce0e86ba9008c8981b203b3b3c6fd63d50e7ba3b3485de0fcbaf
360,jane-the-slayqueen,jane the slayqueen,Jane is always found in the midst of men and loves partying,female,,74775cda-cff4-4d21-8819-693127598eca,6e6985fb8798ff42b92ff9015c419b262cf9f551de5c7069c77972256138a95a
,,,,,,,83355207526f3aa4501fa67ac0878eeec53ac0391b1c1499df8b13956d0fe9c0
TEAM VBELT,,,,,,,f4c69051033bc52917f2eb6e295867e70ff78e7be7e82be98fc5a990ae3f6f2d
361,osas-the-ceo,osas the ceo,"Meet Osas, a Gen-Z CEO with the British accent.",Female,purple,b10f7e42-4778-49db-820b-dabbad75504a,c4c99ff73128c56e334901323a1b01e1a1c09244e5bc1890d5ac768a62300dce
362,nneka-the-rainbow babe,nneka the rainbow babe,"Nneka, the happy rainbow babe with the vibes",Female,pink,e7e20ab8-03e0-4e0a-80aa-6e193f84426e,cfd89a5a90ea496a86d678325a8f952dadffe28c14013abaf879727b7879d4c5
363,temitope-the-spoilt girl,temitope the spoilt girl,"Temitope, our favourite Daddy's girl.",Female,"Teeth - vampire teeth, accessory - gold glasses",10cbcbcb-754e-4175-b85d-d0c7eafa16a2,53b580a55ceb69528b5c6629eca4a2ed69f4ebd5b9bf1c5899f77d3d61380d4f
364,bekeh-the-party animal,bekeh the party animal,"Baby Bekeh, Life of the party that goes home with your charger.",Female,dark brown,f0558235-3043-46e5-b26c-5bde83cc67fb,ff8cb2e81228c467adf2641f6d3fbc55ae5cc0bf3853b604432d6d7062627f1c
365,nana-the-tech lady,nana the tech lady,"Nana, the tech madam that doubles as Kumasi Adele in her bathroom every morning.",Female,,e0858913-7050-4c4a-a2a0-442a88463334,ce385f10877386503c6a203ef80d7685bb4995f3a301f674a0c14850a52198d8
366,rofiat-the-marketer,rofiat the marketer,"Rofiat, the distressed marketing intern.",Female,,1e4d9bda-f6f9-4e7a-9381-bee4b074b56d,6f147f21d0bdaac68f2623f092fc9a670b16f5913f65bbb994ae5f0f2cd2d3f3
367,zarifa-the-righteous,zarifa the righteous,"Meet Zarifa, a proper baddie for Christ.",Female,,c6955d16-c343-46bc-9bed-c069ea8cc65a,a2ee23e3c62e5fc7fe9064fafcf1e45ed0bf7629eb9a68a9f8e3482f72ad2204
368,modinat-the-troublesome,modinat the troublesome,"Modinat, The queen of Gbas Gbos.",Female,,49eb44e8-1117-463b-b7b3-1bcea4258362,e071b21eb0b581ea22212dbe26de4a6bc7ce0bc8041ddbf0211b4be69d8bf241
369,amaka-our-mummy-g.o,amaka our mummy g.o,"Here's Amaka, our one and only mummy G.O who's been to hell and back.",Female,,853edc40-0f9d-40c5-ba78-46067dfd7f68,ab9e6be360cb370cabf5925f036b6f537ac4f43737843ebec8f5b4ccfebee51f
370,mawusi-the-patient,mawusi the patient,"Meet Mawusi, the sweet sister waiting for her Canadian bobo.",Female,,ca9ddc30-141a-493d-851b-71d34f599641,53f35b2d9facc6791e20e6d79319b7022f432585fbc22e4529a861bca5bc70ec
371,nesta-the-difficult,nesta the difficult,"Meet Nesta,the National Chairlady, Shege Administrators of Nigeria. (SAN)",Female,,fc3b7ca7-efdb-45b2-b7c9-e69107484a43,0fd81fa5d06163b9a3ec38e73fc3aefcb7e4e05c25700a0060773dc308226820
372,adaora-the-choir mistress,adaora the choir mistress,"Adaora, our able choir mistress that will take your boyfriend for vanishing.",Female,,df944505-da1a-424e-88aa-b9d365bd2775,b0bf556f997bc96a2b219bfdaf32d2ee3ba43d19995095a1a0e01d9cec1138ee
373,busayo-the-husband snatcher,busayo the husband snatcher,"Miss Busayo, Can transplant your husband with the blink of her eyes",Female,,73c8d935-4a71-41d2-a1de-066ae8d548e6,24e1c8a27865acc39ee4040808deb0d218025f7af97a4c8af371fa8a2831217f
374,wangari-the-waitress,wangari the waitress,"Wangari, the aspiring musician that doubles as a waitress.",Female,"Accessory: Purple earrings, eyes: brown eyes",4bd7a15b-cc66-4e2d-8fdb-d550f2dd645c,34626b56ddfd384bb37a590117fb6da306a30da04644d6ddbc70f9a4c070d81c
375,charlene-the-shy lady,charlene the shy lady,"Meet Charlene, the shy sweetheart next door.",Female,,36539b84-ada0-43cb-92d4-30596e07a39a,6249b0acca8da7444c481447a167d39cbfc03d9edbcffbadfa7f67c3590ffc10
376,addae-the-unretired,addae the unretired,"Mummy Addae, the hot grandma that has refused to retire.",Female,,ced7b53c-73de-4fc7-a652-2b17ebfe68c9,b24df0544dc0e9a887f5cc2162c427200bf43de2fa24753b9a99491674ee51be
377,abena-the-slay queen,abena the slay queen,"Abena, the gang's slay queen",Female,,1e4728e1-3e45-4972-9755-4a38e784ff91,2c601dbb5bf1f864b8d7d751d305753f79bc8cbf37a801d9b7063ed85d597cfc
378,gasira-the-violence mama,gasira the violence mama,"Sister Gasira, wipes people Oraimo cord for a living.",Female,,ea72337f-658f-4198-9ad6-39bc6212c20d,9d0fd170193298d89354622d4f74c899f2c31357077081bf73aee593ed5dd465
379,salamatou-the-exchange student,salamatou the exchange student,"Salamatou, An Ivorian exchange student who's in love with Amala.",Female,,0e216fd1-d96a-4e3c-a59b-c807f772c5b3,eef5d9607f312d26722d305078cd21ee4b44d36e71e5ae2591de7c97b3f1de7a
380,nguyen-the-foreigner,nguyen the foreigner,"Meet Nguyen, the Asian Aunt that's addicted to Waakaye.",Female,,0381301b-b5a3-42c1-9f73-2c43c0b8493f,01287818fc3df89c3e6719254797e2bcbd57da25252a28e87774ab01806ce0f3
,,,,,,,83355207526f3aa4501fa67ac0878eeec53ac0391b1c1499df8b13956d0fe9c0
TEAM AXE,,,,,,,0499ee211543aa7bf83d60bf98efbbd0f7a1f6fffe29f612895069acabed7f64
381,Olofi,Olofi,Olofi is the Yoruba creator god and messenger.,Male,Eyes: Sky Blue. Accessories: FaceMask. Strength: Creation God. Weakness: Love,26340cc4-e334-494e-a737-f2b4bb9bb22e,1df4ed45c2fbb49f99bb9af4f0c7ddba4d924a8edc05fb0cf594ff399a6cd860
382,Amadioha,Amadioha,Amadioha is the Igbo high god of thunder.,Male,Eyes:Shut. Hair: Bald. Accessories: FaceMask,a0586a93-7aff-43cc-8282-d081b8d6fe90,4f7479e252b750505b0216646aa04a886502333a4c441b1f377e156e0c30045f
383,Sango,Sango,Sango is the yoruba diety of thunder.,Male,Hair:Shiny Bald. Clothing: AsoOke,15e1775c-74fe-4a0b-b79c-49f6b730fa89,35d772033dbd5ae288cd2aefe553d092b94b95c63007a4471b2c0c2e93191aea
384,Agwu,Agwu,Agwu is the Igbo deity of health and divination.,Male,Eyes: Aquamarine. Hair: Shiny Bald. Expression: Childlike,311a6713-66c9-43ce-82d8-e3ce03a87a81,1d31ddb5b1dd7e0a5999010dab540a7632bb9630156cb725988425ed5f693e38
385,Tano,Tano,Tano is the master of the Ghana river Tano.,Male,Eyes: Squinted.  Clothing: Yellow Danshiki with patterns,9c34a73f-33ee-4577-aba8-0982c1656ba7,49f2898521fd35ddea71b31ebb8e6fe50abe52e5109fba8a48ff85fbf9f82e79
386,Anansi,Anansi,Anansi is a trickster god of stories of the Ghana people.,Male,Eyes: Sleepy. Accessories: FaceMask.  Clothing: Black Danshiki with patterns. ,784f0f6b-4273-4a31-88d7-2455b96c9011,1e232ead35577a771df292cd7f4d11d6cb66692827f4b4ddce41c405e1a84da4
387,Nyame,Nyame,Nyame is the omnipotent god of the Ghana region.,Male,,f3af0bbd-0724-4696-89ff-ed67f63e6b4f,22b3cf4895d4d5af01a0bc63aaf3a151eabcb1d58d5469d4b4ea3e8e9a76231f
388,Obatala,Obatala,Obatala is the lord of all gods in the Yoruba land.,Male,,c447c120-830e-4543-9cb3-5917ba36bce8,b6af881ddc8920b58e554563d6aab6e5eee1be4673f8c8f8ec5a97d3b48317dc
389,Erinle,Erinle,"Erinle is a powerful hunter of the Yoruba land.,",Male,,dacbbb38-087d-4248-8085-13b619da0ef9,04e367932067148abccd5639fce99dc941384fed6adda07a1df11878c028e8e5
390,Ogun,Ogun,Ogun is the Yoruba God of iron and metal work.,Male,,94c607b3-791e-40df-bd93-50926f094143,7740e13c6d4205cfa884bafa8dd870f1ce2e84c7e99ed5c137991e7c557be712
391,Abosom,Abosom,Abosom is the goddess of wisdom and knowledge of the Ghana people.,Female,,b3427836-627b-41e4-a2d0-c29473448343,25d77c3302e09e5f74a389e5ace4adc70a638ff606feb36c1ca82a936dad0520
392,Oya,Oya,Oya is the goddess of violent storms and winds of the Yoruba people.,Female,,22aaebe4-4659-44de-ab3d-c4dae11fe9f5,b025a0ea234b74461134db60f26d2005545dd93635828ecc51150908d2724e7f
393,Agbala,Agbala,Agbala is the stylish goddess of the future for the Igbo region.,Female,,ca720bf9-5e47-4421-b38f-bc62162ae99e,4091c8ab8d8fdb53e4b3835707cc2bdb003dc4c1ea201186fb650e912eefc6de
394,Njoku-ji,Njoku-ji,Njoku-ji is the goddess of new yam of the Igbo people.,Female,,3b795bad-91b4-4d0e-8ed8-bccbb226fc55,a26e2c703b8aba12944e40ab27cc73fa6e0cb87f8b7c9d5827534fefd2a7a0a4
395,Akonadi,Akonadi,Akonadi is the goddess of justice and prophesies of the Ghana people.,Female,,2aebd094-3be5-4773-a7a0-361f6332a7d4,05b4f213f2a1da54a4343ec629722935f1de15dcf7db95c6a177369ae649bcb3
396,Onyame,Onyame,Onyame is the goddess of the moon of the ghana region,Female,,fb148f97-d309-45a4-b902-4e066ca13f96,a4a4f62c5a0065df1a1f4204a2522bf9ac7255209d500cf1ec4403238c17a21b
397,Ibeji,Ibeji,Ibeji is the goddess of balance and twin of the Yoruba people.,Female,,7b210c03-5446-462d-980e-c73dbbc1e386,9a7bb8b8e21924969f362119798cb9a9b4d9091cad0fa9e3e9bcbdebd9ce2b38
398,Asase-ya,Asase-ya,Asase-ya is the goddess of fertility and love of the Ghanaian people,Female,,80b51092-3fbc-4d0c-8518-fc461ccb6c80,8919cbda6c1138903c9ba225741446447a749dc779d826798b74ef94a43f6dfb
399,Yemoja,Yemoja,Yemoja is the stylish yoruba goddess of the rivers.,Female,,1693b44d-96cf-4c2d-89be-9f4219c28447,e8718dd59f0841fc1f3a555585d08de08d6bb3ae4ef17318daf0257824e8d28f
400,Yemaya,Yemaya,Yemaya is the Ghana goddess of rivers and waters.,Female,,9609d0f4-d9d3-4cff-aa06-a9c459fefa39,449db661a5a2b70ac2a91c5f172beae6e8afe28f1c1707b86ef093c2b82e9206
,,,,,,,83355207526f3aa4501fa67ac0878eeec53ac0391b1c1499df8b13956d0fe9c0
TEAM BOOT,,,,,,,f25c733d7af4fd4b868bbcbe2932555935d8aa4220b7c8c855ec40ebeb1f6497
401,smirky-becky,smirky becky,Becky ends every statement she makes with a smirk.,female,"Eyes: Brown, Accessories: Ankara beret",87bcc41f-eb3e-4ba2-9645-223c949a9b50,9b94fcb5f03a34a2ceacfdb8770dacd4828302cb934019d09fd6f2394845a3d3
402,ankara-scarlett,ankara scarlett,Scarlett is a tailor at yaba market and she loves what she does.,female,"Hair: Orange bun, Skin Colour: Caramel",66d0149f-5f2a-4ded-8e6b-9bd7d7631c39,4b207a241c9f4d84f04bf14f7cca22be0390f328caa79373519d9eebc363c257
403,sea-rastafaria,sea rastafaria,Ronke is the ghetto goddess that nobody wants to mess with. Stay clear!,female,"Hair: Purple dreadlocks, Skin Colour: Caramel",d1556c97-9075-49fc-8bde-1826bfc2dbe1,ce56ec92d4898b8c6c2c90afd7f64d98ed2c6e73867324fb93d8f248a131b069
404,pretty-betty,pretty betty,Betty is always proud of her beauty.,female,"Hair: Orange bob, Skin Colour: Caramel",6a4f5b7c-914d-42c5-8e5f-d1c34ca48886,fa61c21bb188be3e79ea5a0554bd4102531754d277f9244bda4c097bcc7947f2
405,lola-medusa,lola medusa,Lola knows how to seduce every guys she is into.,female,"Hair: Long red braids, Skin Colour: Caramel",32ec57f7-8272-4671-ad2d-db3dff99fe9f,eb01ae143a9671fb05c2ccde80ac6c751abfbffa740bc0fde05de664a09e1a91
406,bukola-nosend,bukola nosend,Bukola is friends with many but always get moody.,female,"Hair: Brunette bob, Skin Colour: Dark brown",59d19b13-09e2-412e-a669-df020e03ae10,f04279c1395fda66db0f8a03202386fba4fb4a2375ca9fb7a953f1704e69d996
407,burna-morgan,burna morgan,Morgan paints the town red with her red hair.,female,"Hair: Two brunette buns, Skin colour: Dark brown, Accessories: Tobacco pipe",d08af477-de20-4780-8449-46b87840b9fa,8c2f5b2717dba89b375b5e65ebd7fba468a3e3d75429e0010db0b1cd391fafeb
408,afro-star,afro star,Bimbo is an afro star with great affluence.,female,"Hair: Orange afro, Skin Colour: Caramel",40743b16-ae12-4b4a-989c-e5fbf1e2e0ca,5948604e4c0b47f6092e9767154b201a1af3e017e431c141ab57ee53b7ff883a
409,fiesty-sandra,fiesty sandra,"Sandra is a social animal, correct owambe ambassador.",female,"Hair: Brown bun, Accessories: Purple bubblegum",d875aa6c-3e4a-4450-b09c-e9f1cdcc3947,f1b259efd1a83cacdb498e008713abceb1a13030050d21949dc3492317801f5a
410,sister-nkechi-sabi,sister nkechi sabi,"Nkechi is the true definition of amebo, always in peoples business.",female,"Hair: Black low cut, Skin Colour: Brown",a728a380-1d33-4080-841d-80b041474d8f,cd22813f333b7df5393a9c50839122615b2022815ba00854a09b42d888ced62b
411,unfriendly-gina,unfriendly gina,"Gina is an angry one, she has no friends but she has a lot of money.",female,"Hair: Orange bun, Skin Colour: Caramel, Expression: Stoic",dd30a327-8a74-40a5-8207-19a790508ccc,da3c361f3c9d715c455d5f841b32a571cc3a402bd9614d15465289516b51cc77
412,dada-ganster,dada ganster,"Dada respects no one, always finds pleasure terrorising others.",female,"Hair: Purple dreadlocks, Skin Colour: Brown, Expression: Annoyed",e1a43f65-aad2-4385-ac5e-bc159c6e0f2a,2d541eb1729c31f8a73e38904c35c079a1b751f5b82f852c5b423f981ff6c916
413,idoncare-linda,idoncare linda,"Linda is a beautiful but very annoying girl, she turns every thing to a fight.",female,"Hair: Orange bob, Skin Colour: Caramel, Expression: Mischievous",ed04b47c-ae98-4db2-b71b-04d7bb976d45,4fa50ca11134b2e186202e787d0a7c280c83b336a592c77e06fbf8f874cef259
414,doubting-vivian,doubting vivian,"Vivian just like the thomas in the bible, she doubts all.",female,"Hair: Long red braids, Skin Colour: Caramel, Expression: Pissed",a0282797-44ef-4bfb-a701-e4ed5e727d63,7833a69c49d0dc276594ab7db9e80f1ea1b24fcd6a334316824e68dc599e00d3
415,simbi-side-eyed,simbi side eyed,Simbi is reserved but doesn't allow anyone intimidate her.,female,"Hair: Two orange buns, Skin Colour: Brown",1f99104c-e98b-4c9a-9891-00a481e86008,dd31f2b763b0652584c0d2c440ffd737c03d58991fc2321bed2666cbd59a2d54
416,bambi-tekno,bambi tekno,Bambi is the dancer of the team.,female,"Hair: Brown low buns, Skin Colour: Blue,  Accessories: Yellow sunglasses",95ff5e2c-1ff2-4d58-890b-de0f39f9d8ce,ee8098e2fed583ccdf961ad01d3111cce31797e97ba10ba258c8068890e8bad8
417,saka-portable,saka portable,Saka is forever convinced that his toothless smile is the icing on his cake.,male,"Skin Colour: Blue, Accessories: Purple cap and yellow sunglasses",bd98f74f-e42e-494e-8298-3183555ca666,3e65ab281bd4f4ba309e8a4d97dff0f0875a645467e5224ca311dcf0173fdf5c
418,king-of-boys,king of boys,Busayo finds her way in ruling the boys and that's why she's king of boys.,female,"Hair: Black buns, Skin color: White, Accessories: Cigarette pipe",a650e79c-f964-4eb1-aa89-f9c1dbdede76,d4a4836a41d312ae9d42716b70b5e16533b87d587e38c22ff4dd8b86f0ef761b
419,funky-alte-pop,funky alte pop,"Funke is always the life of every party, strong gen z advocate.",female,"Hair:  Two red buns, Skin color: White, Acessories Yellow sun shades, Expression: Rugged",b6753a8b-6127-4e97-812b-99e465791ba3,8c385a79c20538f79b6afb040c3e032429fc54fa86905ea114acb0e98a65d33b
420,madame-ngozi,madame ngozi,Ngozi make heads turn with her bright colours.,female,"Hair: Brown afro, Skin  color: White, Accessories: Yellow sunglasses, Expression: Pissed",7ecdbb1d-9a89-4136-b240-499051836979,dd80c40befe6ebd84d572c387f6ce0e36efae3512f84c3ec80e57f4df085ab20
